2025-02-01 15:45:40,737 [Worker-5: Loading available Gradle versions] INFO  o.e.b.c.i.u.g.PublishedGradleVersions - Gradle version information cache is not available. Remote download required.
2025-02-01 15:46:48,594 [Worker-14: Importing Maven projects] INFO  o.e.m.c.i.l.LifecycleMappingFactory - Using org.eclipse.m2e.jdt.JarLifecycleMapping lifecycle mapping for MavenProject: com.jobportal:Job-Portal:0.0.1-SNAPSHOT @ C:\Users\Amit\Downloads\Job Portal\Job-Portal\pom.xml.
2025-02-01 15:46:51,225 [Worker-14: Importing Maven projects] INFO  o.e.m.j.i.AbstractJavaProjectConfigurator - Adding source folder /Job-Portal/src/main/java
2025-02-01 15:46:51,229 [Worker-14: Importing Maven projects] INFO  o.e.m.j.i.AbstractJavaProjectConfigurator - Adding resource folder /Job-Portal/src/main/resources
2025-02-01 15:46:51,240 [Worker-14: Importing Maven projects] INFO  o.e.m.j.i.AbstractJavaProjectConfigurator - Adding resource folder /Job-Portal/src/main/resources
2025-02-01 15:46:51,249 [Worker-14: Importing Maven projects] INFO  o.e.m.j.i.AbstractJavaProjectConfigurator - Adding source folder /Job-Portal/src/test/java
2025-02-01 15:46:51,251 [Worker-14: Importing Maven projects] INFO  o.e.m.j.i.AbstractJavaProjectConfigurator - Adding resource folder /Job-Portal/src/test/resources
2025-02-01 15:46:53,535 [Worker-14: Importing Maven projects] INFO  o.e.m.c.i.p.ProjectConfigurationManager - Imported and configured 1 project(s) in 9 sec
2025-02-01 15:46:54,937 [Worker-5: Building] INFO  o.a.m.s.f.DefaultMavenResourcesFiltering - Copying 1 resource from src\main\resources to target\classes
2025-02-01 15:46:54,952 [Worker-5: Building] INFO  o.a.m.s.f.DefaultMavenResourcesFiltering - Copying 0 resource from src\main\resources to target\classes
2025-02-01 15:46:54,957 [Worker-5: Building] INFO  o.a.m.s.f.DefaultMavenResourcesFiltering - skip non existing resourceDirectory C:\Users\Amit\Downloads\Job Portal\Job-Portal\src\test\resources
2025-02-01 15:54:20,893 [Worker-12: Building] INFO  o.e.m.c.i.l.LifecycleMappingFactory - Using org.eclipse.m2e.jdt.JarLifecycleMapping lifecycle mapping for MavenProject: com.jobportal:Job-Portal:0.0.1-SNAPSHOT @ C:\Users\Amit\Downloads\Job Portal\Job-Portal\pom.xml.
2025-02-01 15:54:22,044 [Worker-12: Building] INFO  o.a.m.s.f.DefaultMavenResourcesFiltering - Copying 0 resource from src\main\resources to target\classes
2025-02-01 15:54:22,045 [Worker-12: Building] INFO  o.a.m.s.f.DefaultMavenResourcesFiltering - Copying 0 resource from src\main\resources to target\classes
2025-02-01 15:54:22,049 [Worker-12: Building] INFO  o.a.m.s.f.DefaultMavenResourcesFiltering - skip non existing resourceDirectory C:\Users\Amit\Downloads\Job Portal\Job-Portal\src\test\resources
2025-02-01 15:54:23,373 [Worker-6: Building] INFO  o.a.m.s.f.DefaultMavenResourcesFiltering - Copying 1 resource from src\main\resources to target\classes
2025-02-01 15:54:23,404 [Worker-6: Building] INFO  o.a.m.s.f.DefaultMavenResourcesFiltering - Copying 0 resource from src\main\resources to target\classes
2025-02-01 15:54:23,413 [Worker-6: Building] INFO  o.a.m.s.f.DefaultMavenResourcesFiltering - skip non existing resourceDirectory C:\Users\Amit\Downloads\Job Portal\Job-Portal\src\test\resources
2025-02-01 15:55:21,525 [Worker-13: Building] INFO  o.a.m.s.f.DefaultMavenResourcesFiltering - Copying 1 resource from src\main\resources to target\classes
2025-02-01 15:55:21,550 [Worker-13: Building] INFO  o.a.m.s.f.DefaultMavenResourcesFiltering - Copying 0 resource from src\main\resources to target\classes
2025-02-01 15:55:21,563 [Worker-13: Building] INFO  o.a.m.s.f.DefaultMavenResourcesFiltering - skip non existing resourceDirectory C:\Users\Amit\Downloads\Job Portal\Job-Portal\src\test\resources
2025-02-01 15:55:55,350 [Worker-15: Building] INFO  o.a.m.s.f.DefaultMavenResourcesFiltering - Copying 1 resource from src\main\resources to target\classes
2025-02-01 15:55:55,365 [Worker-15: Building] INFO  o.a.m.s.f.DefaultMavenResourcesFiltering - Copying 0 resource from src\main\resources to target\classes
2025-02-01 15:55:55,371 [Worker-15: Building] INFO  o.a.m.s.f.DefaultMavenResourcesFiltering - skip non existing resourceDirectory C:\Users\Amit\Downloads\Job Portal\Job-Portal\src\test\resources
2025-02-01 15:57:55,385 [Worker-2: Building] INFO  o.a.m.s.f.DefaultMavenResourcesFiltering - Copying 1 resource from src\main\resources to target\classes
2025-02-01 15:57:55,410 [Worker-2: Building] INFO  o.a.m.s.f.DefaultMavenResourcesFiltering - Copying 0 resource from src\main\resources to target\classes
2025-02-01 15:57:55,415 [Worker-2: Building] INFO  o.a.m.s.f.DefaultMavenResourcesFiltering - skip non existing resourceDirectory C:\Users\Amit\Downloads\Job Portal\Job-Portal\src\test\resources
2025-02-01 16:05:31,558 [Worker-13: Building] INFO  o.e.m.c.i.l.LifecycleMappingFactory - Using org.eclipse.m2e.jdt.JarLifecycleMapping lifecycle mapping for MavenProject: com.jobportal:Job-Portal:0.0.1-SNAPSHOT @ C:\Users\Amit\Downloads\Job Portal\Job-Portal\pom.xml.
2025-02-01 16:05:32,251 [Worker-13: Building] INFO  o.e.m.c.i.e.AbstractTransferListenerAdapter - Downloading https://repo.maven.apache.org/maven2/org/projectlombok/lombok/1.18.36/lombok-1.18.36.pom
2025-02-01 16:05:32,328 [Worker-13: Building] INFO  o.e.m.c.i.e.AbstractTransferListenerAdapter - Downloaded https://repo.maven.apache.org/maven2/org/projectlombok/lombok/1.18.36/lombok-1.18.36.pom
2025-02-01 16:05:32,716 [Worker-13: Building] INFO  o.e.m.c.i.e.AbstractTransferListenerAdapter - Downloading https://repo.maven.apache.org/maven2/org/projectlombok/lombok/1.18.36/lombok-1.18.36.jar
2025-02-01 16:05:32,943 [Worker-13: Building] INFO  o.e.m.c.i.e.AbstractTransferListenerAdapter - Downloaded https://repo.maven.apache.org/maven2/org/projectlombok/lombok/1.18.36/lombok-1.18.36.jar
2025-02-01 16:05:33,592 [Worker-13: Building] INFO  o.a.m.s.f.DefaultMavenResourcesFiltering - Copying 0 resource from src\main\resources to target\classes
2025-02-01 16:05:33,598 [Worker-13: Building] INFO  o.a.m.s.f.DefaultMavenResourcesFiltering - Copying 0 resource from src\main\resources to target\classes
2025-02-01 16:05:33,610 [Worker-13: Building] INFO  o.a.m.s.f.DefaultMavenResourcesFiltering - skip non existing resourceDirectory C:\Users\Amit\Downloads\Job Portal\Job-Portal\src\test\resources
2025-02-01 16:05:34,193 [Worker-18: Building] INFO  o.a.m.s.f.DefaultMavenResourcesFiltering - Copying 1 resource from src\main\resources to target\classes
2025-02-01 16:05:34,261 [Worker-18: Building] INFO  o.a.m.s.f.DefaultMavenResourcesFiltering - Copying 0 resource from src\main\resources to target\classes
2025-02-01 16:05:34,272 [Worker-18: Building] INFO  o.a.m.s.f.DefaultMavenResourcesFiltering - skip non existing resourceDirectory C:\Users\Amit\Downloads\Job Portal\Job-Portal\src\test\resources
2025-02-01 16:05:34,361 [Worker-12: Download sources and javadoc] INFO  o.e.m.c.i.e.AbstractTransferListenerAdapter - Downloading https://repo.maven.apache.org/maven2/org/projectlombok/lombok/1.18.36/lombok-1.18.36-sources.jar
2025-02-01 16:05:34,543 [Worker-12: Download sources and javadoc] INFO  o.e.m.c.i.e.AbstractTransferListenerAdapter - Downloaded https://repo.maven.apache.org/maven2/org/projectlombok/lombok/1.18.36/lombok-1.18.36-sources.jar
2025-02-01 16:05:34,556 [Worker-12: Download sources and javadoc] INFO  o.e.m.j.internal.DownloadSourcesJob - Downloaded sources for org.projectlombok:lombok:1.18.36
2025-02-01 16:14:41,654 [Worker-22: Building] INFO  o.e.m.c.i.l.LifecycleMappingFactory - Using org.eclipse.m2e.jdt.JarLifecycleMapping lifecycle mapping for MavenProject: com.jobportal:Job-Portal:0.0.1-SNAPSHOT @ C:\Users\Amit\Downloads\Job Portal\Job-Portal\pom.xml.
2025-02-01 16:14:42,166 [Worker-22: Building] INFO  o.a.m.s.f.DefaultMavenResourcesFiltering - Copying 0 resource from src\main\resources to target\classes
2025-02-01 16:14:42,167 [Worker-22: Building] INFO  o.a.m.s.f.DefaultMavenResourcesFiltering - Copying 0 resource from src\main\resources to target\classes
2025-02-01 16:14:42,173 [Worker-22: Building] INFO  o.a.m.s.f.DefaultMavenResourcesFiltering - skip non existing resourceDirectory C:\Users\Amit\Downloads\Job Portal\Job-Portal\src\test\resources
2025-02-01 16:14:42,557 [Worker-23: Building] INFO  o.a.m.s.f.DefaultMavenResourcesFiltering - Copying 1 resource from src\main\resources to target\classes
2025-02-01 16:14:42,574 [Worker-23: Building] INFO  o.a.m.s.f.DefaultMavenResourcesFiltering - Copying 0 resource from src\main\resources to target\classes
2025-02-01 16:14:42,579 [Worker-23: Building] INFO  o.a.m.s.f.DefaultMavenResourcesFiltering - skip non existing resourceDirectory C:\Users\Amit\Downloads\Job Portal\Job-Portal\src\test\resources
2025-02-01 16:15:36,201 [Worker-18: Updating Maven Project] INFO  o.e.m.c.i.p.ProjectConfigurationManager - Update started
2025-02-01 16:15:36,587 [Worker-18: Updating Maven Project] INFO  o.e.m.c.i.l.LifecycleMappingFactory - Using org.eclipse.m2e.jdt.JarLifecycleMapping lifecycle mapping for MavenProject: com.jobportal:Job-Portal:0.0.1-SNAPSHOT @ C:\Users\Amit\Downloads\Job Portal\Job-Portal\pom.xml.
2025-02-01 16:15:36,939 [Worker-18: Updating Maven Project] INFO  o.e.m.j.i.AbstractJavaProjectConfigurator - Adding source folder /Job-Portal/src/main/java
2025-02-01 16:15:36,940 [Worker-18: Updating Maven Project] INFO  o.e.m.j.i.AbstractJavaProjectConfigurator - Adding resource folder /Job-Portal/src/main/resources
2025-02-01 16:15:36,940 [Worker-18: Updating Maven Project] INFO  o.e.m.j.i.AbstractJavaProjectConfigurator - Adding resource folder /Job-Portal/src/main/resources
2025-02-01 16:15:36,940 [Worker-18: Updating Maven Project] INFO  o.e.m.j.i.AbstractJavaProjectConfigurator - Adding source folder /Job-Portal/src/test/java
2025-02-01 16:15:36,941 [Worker-18: Updating Maven Project] INFO  o.e.m.j.i.AbstractJavaProjectConfigurator - Adding resource folder /Job-Portal/src/test/resources
2025-02-01 16:15:37,295 [Worker-18: Updating Maven Project] INFO  o.e.m.c.i.p.ProjectConfigurationManager - Update completed for 1 poms: local refresh takes 0.00 sec, refresh facades takes 0.00 sec, update config takes 0.00 sec 
2025-02-01 16:15:37,885 [Worker-28: Building] INFO  o.a.m.s.f.DefaultMavenResourcesFiltering - Copying 1 resource from src\main\resources to target\classes
2025-02-01 16:15:37,914 [Worker-28: Building] INFO  o.a.m.s.f.DefaultMavenResourcesFiltering - Copying 0 resource from src\main\resources to target\classes
2025-02-01 16:15:37,921 [Worker-28: Building] INFO  o.a.m.s.f.DefaultMavenResourcesFiltering - skip non existing resourceDirectory C:\Users\Amit\Downloads\Job Portal\Job-Portal\src\test\resources
2025-02-01 16:18:54,611 [Worker-28: Building] INFO  o.e.m.c.i.l.LifecycleMappingFactory - Using org.eclipse.m2e.jdt.JarLifecycleMapping lifecycle mapping for MavenProject: com.jobportal:Job-Portal:0.0.1-SNAPSHOT @ C:\Users\Amit\Downloads\Job Portal\Job-Portal\pom.xml.
2025-02-01 16:18:54,791 [Worker-28: Building] INFO  o.e.m.c.i.e.AbstractTransferListenerAdapter - Downloading https://repo.maven.apache.org/maven2/org/springframework/boot/spring-boot-starter-data-mongodb/3.4.2/spring-boot-starter-data-mongodb-3.4.2.pom
2025-02-01 16:18:54,845 [Worker-28: Building] INFO  o.e.m.c.i.e.AbstractTransferListenerAdapter - Downloaded https://repo.maven.apache.org/maven2/org/springframework/boot/spring-boot-starter-data-mongodb/3.4.2/spring-boot-starter-data-mongodb-3.4.2.pom
2025-02-01 16:18:54,865 [Worker-28: Building] INFO  o.e.m.c.i.e.AbstractTransferListenerAdapter - Downloading https://repo.maven.apache.org/maven2/org/mongodb/mongodb-driver-sync/5.2.1/mongodb-driver-sync-5.2.1.pom
2025-02-01 16:18:54,890 [Worker-28: Building] INFO  o.e.m.c.i.e.AbstractTransferListenerAdapter - Downloaded https://repo.maven.apache.org/maven2/org/mongodb/mongodb-driver-sync/5.2.1/mongodb-driver-sync-5.2.1.pom
2025-02-01 16:18:54,912 [Worker-28: Building] INFO  o.e.m.c.i.e.AbstractTransferListenerAdapter - Downloading https://repo.maven.apache.org/maven2/org/mongodb/bson/5.2.1/bson-5.2.1.pom
2025-02-01 16:18:54,938 [Worker-28: Building] INFO  o.e.m.c.i.e.AbstractTransferListenerAdapter - Downloaded https://repo.maven.apache.org/maven2/org/mongodb/bson/5.2.1/bson-5.2.1.pom
2025-02-01 16:18:54,956 [Worker-28: Building] INFO  o.e.m.c.i.e.AbstractTransferListenerAdapter - Downloading https://repo.maven.apache.org/maven2/org/mongodb/mongodb-driver-core/5.2.1/mongodb-driver-core-5.2.1.pom
2025-02-01 16:18:54,986 [Worker-28: Building] INFO  o.e.m.c.i.e.AbstractTransferListenerAdapter - Downloaded https://repo.maven.apache.org/maven2/org/mongodb/mongodb-driver-core/5.2.1/mongodb-driver-core-5.2.1.pom
2025-02-01 16:18:55,035 [Worker-28: Building] INFO  o.e.m.c.i.e.AbstractTransferListenerAdapter - Downloading https://repo.maven.apache.org/maven2/org/mongodb/bson-record-codec/5.2.1/bson-record-codec-5.2.1.pom
2025-02-01 16:18:55,068 [Worker-28: Building] INFO  o.e.m.c.i.e.AbstractTransferListenerAdapter - Downloaded https://repo.maven.apache.org/maven2/org/mongodb/bson-record-codec/5.2.1/bson-record-codec-5.2.1.pom
2025-02-01 16:18:55,092 [Worker-28: Building] INFO  o.e.m.c.i.e.AbstractTransferListenerAdapter - Downloading https://repo.maven.apache.org/maven2/org/springframework/data/spring-data-mongodb/4.4.2/spring-data-mongodb-4.4.2.pom
2025-02-01 16:18:55,120 [Worker-28: Building] INFO  o.e.m.c.i.e.AbstractTransferListenerAdapter - Downloaded https://repo.maven.apache.org/maven2/org/springframework/data/spring-data-mongodb/4.4.2/spring-data-mongodb-4.4.2.pom
2025-02-01 16:18:55,146 [Worker-28: Building] INFO  o.e.m.c.i.e.AbstractTransferListenerAdapter - Downloading https://repo.maven.apache.org/maven2/org/springframework/data/spring-data-mongodb-parent/4.4.2/spring-data-mongodb-parent-4.4.2.pom
2025-02-01 16:18:55,169 [Worker-28: Building] INFO  o.e.m.c.i.e.AbstractTransferListenerAdapter - Downloaded https://repo.maven.apache.org/maven2/org/springframework/data/spring-data-mongodb-parent/4.4.2/spring-data-mongodb-parent-4.4.2.pom
2025-02-01 16:18:55,367 [Worker-28: Building] INFO  o.e.m.c.i.e.AbstractTransferListenerAdapter - Downloading https://repo.maven.apache.org/maven2/org/springframework/boot/spring-boot-starter-data-mongodb/3.4.2/spring-boot-starter-data-mongodb-3.4.2.jar
2025-02-01 16:18:55,404 [Worker-28: Building] INFO  o.e.m.c.i.e.AbstractTransferListenerAdapter - Downloaded https://repo.maven.apache.org/maven2/org/springframework/boot/spring-boot-starter-data-mongodb/3.4.2/spring-boot-starter-data-mongodb-3.4.2.jar
2025-02-01 16:18:55,419 [BasicRepositoryConnector-repo.maven.apache.org-0-1] INFO  o.e.m.c.i.e.AbstractTransferListenerAdapter - Downloading https://repo.maven.apache.org/maven2/org/mongodb/bson/5.2.1/bson-5.2.1.jar
2025-02-01 16:18:55,448 [BasicRepositoryConnector-repo.maven.apache.org-0-3] INFO  o.e.m.c.i.e.AbstractTransferListenerAdapter - Downloading https://repo.maven.apache.org/maven2/org/mongodb/bson-record-codec/5.2.1/bson-record-codec-5.2.1.jar
2025-02-01 16:18:55,474 [BasicRepositoryConnector-repo.maven.apache.org-0-0] INFO  o.e.m.c.i.e.AbstractTransferListenerAdapter - Downloading https://repo.maven.apache.org/maven2/org/mongodb/mongodb-driver-sync/5.2.1/mongodb-driver-sync-5.2.1.jar
2025-02-01 16:18:55,476 [BasicRepositoryConnector-repo.maven.apache.org-0-4] INFO  o.e.m.c.i.e.AbstractTransferListenerAdapter - Downloading https://repo.maven.apache.org/maven2/org/springframework/data/spring-data-mongodb/4.4.2/spring-data-mongodb-4.4.2.jar
2025-02-01 16:18:55,479 [BasicRepositoryConnector-repo.maven.apache.org-0-2] INFO  o.e.m.c.i.e.AbstractTransferListenerAdapter - Downloading https://repo.maven.apache.org/maven2/org/mongodb/mongodb-driver-core/5.2.1/mongodb-driver-core-5.2.1.jar
2025-02-01 16:18:55,546 [BasicRepositoryConnector-repo.maven.apache.org-0-1] INFO  o.e.m.c.i.e.AbstractTransferListenerAdapter - Downloaded https://repo.maven.apache.org/maven2/org/mongodb/bson/5.2.1/bson-5.2.1.jar
2025-02-01 16:18:55,582 [BasicRepositoryConnector-repo.maven.apache.org-0-0] INFO  o.e.m.c.i.e.AbstractTransferListenerAdapter - Downloaded https://repo.maven.apache.org/maven2/org/mongodb/mongodb-driver-sync/5.2.1/mongodb-driver-sync-5.2.1.jar
2025-02-01 16:18:55,658 [BasicRepositoryConnector-repo.maven.apache.org-0-3] INFO  o.e.m.c.i.e.AbstractTransferListenerAdapter - Downloaded https://repo.maven.apache.org/maven2/org/mongodb/bson-record-codec/5.2.1/bson-record-codec-5.2.1.jar
2025-02-01 16:18:55,826 [BasicRepositoryConnector-repo.maven.apache.org-0-4] INFO  o.e.m.c.i.e.AbstractTransferListenerAdapter - Downloaded https://repo.maven.apache.org/maven2/org/springframework/data/spring-data-mongodb/4.4.2/spring-data-mongodb-4.4.2.jar
2025-02-01 16:18:55,849 [BasicRepositoryConnector-repo.maven.apache.org-0-2] INFO  o.e.m.c.i.e.AbstractTransferListenerAdapter - Downloaded https://repo.maven.apache.org/maven2/org/mongodb/mongodb-driver-core/5.2.1/mongodb-driver-core-5.2.1.jar
2025-02-01 16:18:56,163 [Worker-28: Building] INFO  o.a.m.s.f.DefaultMavenResourcesFiltering - Copying 0 resource from src\main\resources to target\classes
2025-02-01 16:18:56,164 [Worker-28: Building] INFO  o.a.m.s.f.DefaultMavenResourcesFiltering - Copying 0 resource from src\main\resources to target\classes
2025-02-01 16:18:56,169 [Worker-28: Building] INFO  o.a.m.s.f.DefaultMavenResourcesFiltering - skip non existing resourceDirectory C:\Users\Amit\Downloads\Job Portal\Job-Portal\src\test\resources
2025-02-01 16:18:57,038 [Worker-19: Download sources and javadoc] INFO  o.e.m.c.i.e.AbstractTransferListenerAdapter - Downloading https://repo.maven.apache.org/maven2/org/springframework/boot/spring-boot-starter-data-mongodb/3.4.2/spring-boot-starter-data-mongodb-3.4.2-sources.jar
2025-02-01 16:18:57,049 [Worker-19: Download sources and javadoc] INFO  o.e.m.c.i.e.AbstractTransferListenerAdapter - Downloaded https://repo.maven.apache.org/maven2/org/springframework/boot/spring-boot-starter-data-mongodb/3.4.2/spring-boot-starter-data-mongodb-3.4.2-sources.jar
2025-02-01 16:18:57,056 [Worker-19: Download sources and javadoc] INFO  o.e.m.j.internal.DownloadSourcesJob - Downloaded sources for org.springframework.boot:spring-boot-starter-data-mongodb:3.4.2
2025-02-01 16:18:57,116 [Worker-19: Download sources and javadoc] INFO  o.e.m.c.i.e.AbstractTransferListenerAdapter - Downloading https://repo.maven.apache.org/maven2/org/mongodb/mongodb-driver-sync/5.2.1/mongodb-driver-sync-5.2.1-sources.jar
2025-02-01 16:18:57,183 [Worker-19: Download sources and javadoc] INFO  o.e.m.c.i.e.AbstractTransferListenerAdapter - Downloaded https://repo.maven.apache.org/maven2/org/mongodb/mongodb-driver-sync/5.2.1/mongodb-driver-sync-5.2.1-sources.jar
2025-02-01 16:18:57,192 [Worker-19: Download sources and javadoc] INFO  o.e.m.j.internal.DownloadSourcesJob - Downloaded sources for org.mongodb:mongodb-driver-sync:5.2.1
2025-02-01 16:18:57,239 [Worker-19: Download sources and javadoc] INFO  o.e.m.c.i.e.AbstractTransferListenerAdapter - Downloading https://repo.maven.apache.org/maven2/org/mongodb/bson/5.2.1/bson-5.2.1-sources.jar
2025-02-01 16:18:57,348 [Worker-19: Download sources and javadoc] INFO  o.e.m.c.i.e.AbstractTransferListenerAdapter - Downloaded https://repo.maven.apache.org/maven2/org/mongodb/bson/5.2.1/bson-5.2.1-sources.jar
2025-02-01 16:18:57,357 [Worker-19: Download sources and javadoc] INFO  o.e.m.j.internal.DownloadSourcesJob - Downloaded sources for org.mongodb:bson:5.2.1
2025-02-01 16:18:57,410 [Worker-19: Download sources and javadoc] INFO  o.e.m.c.i.e.AbstractTransferListenerAdapter - Downloading https://repo.maven.apache.org/maven2/org/mongodb/mongodb-driver-core/5.2.1/mongodb-driver-core-5.2.1-sources.jar
2025-02-01 16:18:57,586 [Worker-19: Download sources and javadoc] INFO  o.e.m.c.i.e.AbstractTransferListenerAdapter - Downloaded https://repo.maven.apache.org/maven2/org/mongodb/mongodb-driver-core/5.2.1/mongodb-driver-core-5.2.1-sources.jar
2025-02-01 16:18:57,600 [Worker-19: Download sources and javadoc] INFO  o.e.m.j.internal.DownloadSourcesJob - Downloaded sources for org.mongodb:mongodb-driver-core:5.2.1
2025-02-01 16:18:57,678 [Worker-22: Building] INFO  o.a.m.s.f.DefaultMavenResourcesFiltering - Copying 1 resource from src\main\resources to target\classes
2025-02-01 16:18:57,679 [Worker-19: Download sources and javadoc] INFO  o.e.m.c.i.e.AbstractTransferListenerAdapter - Downloading https://repo.maven.apache.org/maven2/org/mongodb/bson-record-codec/5.2.1/bson-record-codec-5.2.1-sources.jar
2025-02-01 16:18:57,710 [Worker-22: Building] INFO  o.a.m.s.f.DefaultMavenResourcesFiltering - Copying 0 resource from src\main\resources to target\classes
2025-02-01 16:18:57,716 [Worker-22: Building] INFO  o.a.m.s.f.DefaultMavenResourcesFiltering - skip non existing resourceDirectory C:\Users\Amit\Downloads\Job Portal\Job-Portal\src\test\resources
2025-02-01 16:18:57,893 [Worker-19: Download sources and javadoc] INFO  o.e.m.c.i.e.AbstractTransferListenerAdapter - Downloaded https://repo.maven.apache.org/maven2/org/mongodb/bson-record-codec/5.2.1/bson-record-codec-5.2.1-sources.jar
2025-02-01 16:18:57,905 [Worker-19: Download sources and javadoc] INFO  o.e.m.j.internal.DownloadSourcesJob - Downloaded sources for org.mongodb:bson-record-codec:5.2.1
2025-02-01 16:18:57,959 [Worker-19: Download sources and javadoc] INFO  o.e.m.c.i.e.AbstractTransferListenerAdapter - Downloading https://repo.maven.apache.org/maven2/org/springframework/data/spring-data-mongodb/4.4.2/spring-data-mongodb-4.4.2-sources.jar
2025-02-01 16:18:58,114 [Worker-19: Download sources and javadoc] INFO  o.e.m.c.i.e.AbstractTransferListenerAdapter - Downloaded https://repo.maven.apache.org/maven2/org/springframework/data/spring-data-mongodb/4.4.2/spring-data-mongodb-4.4.2-sources.jar
2025-02-01 16:18:58,126 [Worker-19: Download sources and javadoc] INFO  o.e.m.j.internal.DownloadSourcesJob - Downloaded sources for org.springframework.data:spring-data-mongodb:4.4.2
2025-02-01 16:27:36,666 [Worker-20: Launching Job-Portal - JobPortalApplication] INFO  o.e.m.c.i.l.LifecycleMappingFactory - Using org.eclipse.m2e.jdt.JarLifecycleMapping lifecycle mapping for MavenProject: com.jobportal:Job-Portal:0.0.1-SNAPSHOT @ C:\Users\Amit\Downloads\Job Portal\Job-Portal\pom.xml.
2025-02-01 16:27:37,186 [Worker-20: Launching Job-Portal - JobPortalApplication] INFO  o.a.m.s.f.DefaultMavenResourcesFiltering - Copying 1 resource from src\main\resources to target\classes
2025-02-01 16:27:37,208 [Worker-20: Launching Job-Portal - JobPortalApplication] INFO  o.a.m.s.f.DefaultMavenResourcesFiltering - Copying 0 resource from src\main\resources to target\classes
2025-02-01 16:27:37,215 [Worker-20: Launching Job-Portal - JobPortalApplication] INFO  o.a.m.s.f.DefaultMavenResourcesFiltering - skip non existing resourceDirectory C:\Users\Amit\Downloads\Job Portal\Job-Portal\src\test\resources
2025-02-01 16:27:37,656 [Worker-32: Building] INFO  o.a.m.s.f.DefaultMavenResourcesFiltering - Copying 1 resource from src\main\resources to target\classes
2025-02-01 16:27:37,669 [Worker-32: Building] INFO  o.a.m.s.f.DefaultMavenResourcesFiltering - Copying 0 resource from src\main\resources to target\classes
2025-02-01 16:27:37,676 [Worker-32: Building] INFO  o.a.m.s.f.DefaultMavenResourcesFiltering - skip non existing resourceDirectory C:\Users\Amit\Downloads\Job Portal\Job-Portal\src\test\resources
2025-02-01 16:29:13,385 [Worker-18: Building] INFO  o.a.m.s.f.DefaultMavenResourcesFiltering - Copying 1 resource from src\main\resources to target\classes
2025-02-01 16:29:13,394 [Worker-18: Building] INFO  o.a.m.s.f.DefaultMavenResourcesFiltering - Copying 0 resource from src\main\resources to target\classes
2025-02-01 16:29:13,400 [Worker-18: Building] INFO  o.a.m.s.f.DefaultMavenResourcesFiltering - skip non existing resourceDirectory C:\Users\Amit\Downloads\Job Portal\Job-Portal\src\test\resources
2025-02-01 16:31:28,970 [Worker-30: Building] INFO  o.a.m.s.f.DefaultMavenResourcesFiltering - Copying 1 resource from src\main\resources to target\classes
2025-02-01 16:31:28,980 [Worker-30: Building] INFO  o.a.m.s.f.DefaultMavenResourcesFiltering - Copying 0 resource from src\main\resources to target\classes
2025-02-01 16:31:28,985 [Worker-30: Building] INFO  o.a.m.s.f.DefaultMavenResourcesFiltering - skip non existing resourceDirectory C:\Users\Amit\Downloads\Job Portal\Job-Portal\src\test\resources
2025-02-01 16:33:14,426 [Worker-32: Building] INFO  o.a.m.s.f.DefaultMavenResourcesFiltering - Copying 1 resource from src\main\resources to target\classes
2025-02-01 16:33:14,438 [Worker-32: Building] INFO  o.a.m.s.f.DefaultMavenResourcesFiltering - Copying 0 resource from src\main\resources to target\classes
2025-02-01 16:33:14,443 [Worker-32: Building] INFO  o.a.m.s.f.DefaultMavenResourcesFiltering - skip non existing resourceDirectory C:\Users\Amit\Downloads\Job Portal\Job-Portal\src\test\resources
2025-02-01 16:34:43,681 [Worker-22: Building] INFO  o.a.m.s.f.DefaultMavenResourcesFiltering - Copying 1 resource from src\main\resources to target\classes
2025-02-01 16:34:43,688 [Worker-22: Building] INFO  o.a.m.s.f.DefaultMavenResourcesFiltering - Copying 0 resource from src\main\resources to target\classes
2025-02-01 16:34:43,692 [Worker-22: Building] INFO  o.a.m.s.f.DefaultMavenResourcesFiltering - skip non existing resourceDirectory C:\Users\Amit\Downloads\Job Portal\Job-Portal\src\test\resources
2025-02-01 16:35:17,034 [Worker-30: Building] INFO  o.a.m.s.f.DefaultMavenResourcesFiltering - Copying 1 resource from src\main\resources to target\classes
2025-02-01 16:35:17,041 [Worker-30: Building] INFO  o.a.m.s.f.DefaultMavenResourcesFiltering - Copying 0 resource from src\main\resources to target\classes
2025-02-01 16:35:17,045 [Worker-30: Building] INFO  o.a.m.s.f.DefaultMavenResourcesFiltering - skip non existing resourceDirectory C:\Users\Amit\Downloads\Job Portal\Job-Portal\src\test\resources
2025-02-01 16:42:58,411 [Worker-18: Building] INFO  o.a.m.s.f.DefaultMavenResourcesFiltering - Copying 1 resource from src\main\resources to target\classes
2025-02-01 16:42:58,418 [Worker-18: Building] INFO  o.a.m.s.f.DefaultMavenResourcesFiltering - Copying 0 resource from src\main\resources to target\classes
2025-02-01 16:42:58,420 [Worker-18: Building] INFO  o.a.m.s.f.DefaultMavenResourcesFiltering - skip non existing resourceDirectory C:\Users\Amit\Downloads\Job Portal\Job-Portal\src\test\resources
2025-02-01 16:47:45,202 [Worker-22: Building] INFO  o.a.m.s.f.DefaultMavenResourcesFiltering - Copying 1 resource from src\main\resources to target\classes
2025-02-01 16:47:45,209 [Worker-22: Building] INFO  o.a.m.s.f.DefaultMavenResourcesFiltering - Copying 0 resource from src\main\resources to target\classes
2025-02-01 16:47:45,211 [Worker-22: Building] INFO  o.a.m.s.f.DefaultMavenResourcesFiltering - skip non existing resourceDirectory C:\Users\Amit\Downloads\Job Portal\Job-Portal\src\test\resources
2025-02-01 16:49:48,727 [Worker-28: Building] INFO  o.a.m.s.f.DefaultMavenResourcesFiltering - Copying 1 resource from src\main\resources to target\classes
2025-02-01 16:49:48,732 [Worker-28: Building] INFO  o.a.m.s.f.DefaultMavenResourcesFiltering - Copying 0 resource from src\main\resources to target\classes
2025-02-01 16:49:48,735 [Worker-28: Building] INFO  o.a.m.s.f.DefaultMavenResourcesFiltering - skip non existing resourceDirectory C:\Users\Amit\Downloads\Job Portal\Job-Portal\src\test\resources
2025-02-01 16:50:23,188 [Worker-28: Building] INFO  o.a.m.s.f.DefaultMavenResourcesFiltering - Copying 1 resource from src\main\resources to target\classes
2025-02-01 16:50:23,194 [Worker-28: Building] INFO  o.a.m.s.f.DefaultMavenResourcesFiltering - Copying 0 resource from src\main\resources to target\classes
2025-02-01 16:50:23,197 [Worker-28: Building] INFO  o.a.m.s.f.DefaultMavenResourcesFiltering - skip non existing resourceDirectory C:\Users\Amit\Downloads\Job Portal\Job-Portal\src\test\resources
2025-02-01 16:51:01,767 [Worker-30: Building] INFO  o.a.m.s.f.DefaultMavenResourcesFiltering - Copying 1 resource from src\main\resources to target\classes
2025-02-01 16:51:01,771 [Worker-30: Building] INFO  o.a.m.s.f.DefaultMavenResourcesFiltering - Copying 0 resource from src\main\resources to target\classes
2025-02-01 16:51:01,772 [Worker-30: Building] INFO  o.a.m.s.f.DefaultMavenResourcesFiltering - skip non existing resourceDirectory C:\Users\Amit\Downloads\Job Portal\Job-Portal\src\test\resources
2025-02-01 16:53:04,855 [Worker-34: Building] INFO  o.a.m.s.f.DefaultMavenResourcesFiltering - Copying 1 resource from src\main\resources to target\classes
2025-02-01 16:53:04,862 [Worker-34: Building] INFO  o.a.m.s.f.DefaultMavenResourcesFiltering - Copying 0 resource from src\main\resources to target\classes
2025-02-01 16:53:04,865 [Worker-34: Building] INFO  o.a.m.s.f.DefaultMavenResourcesFiltering - skip non existing resourceDirectory C:\Users\Amit\Downloads\Job Portal\Job-Portal\src\test\resources
2025-02-01 16:55:41,552 [Worker-20: Building] INFO  o.a.m.s.f.DefaultMavenResourcesFiltering - Copying 1 resource from src\main\resources to target\classes
2025-02-01 16:55:41,558 [Worker-20: Building] INFO  o.a.m.s.f.DefaultMavenResourcesFiltering - Copying 0 resource from src\main\resources to target\classes
2025-02-01 16:55:41,560 [Worker-20: Building] INFO  o.a.m.s.f.DefaultMavenResourcesFiltering - skip non existing resourceDirectory C:\Users\Amit\Downloads\Job Portal\Job-Portal\src\test\resources
2025-02-01 16:57:49,589 [Worker-34: Building] INFO  o.a.m.s.f.DefaultMavenResourcesFiltering - Copying 1 resource from src\main\resources to target\classes
2025-02-01 16:57:49,594 [Worker-34: Building] INFO  o.a.m.s.f.DefaultMavenResourcesFiltering - Copying 0 resource from src\main\resources to target\classes
2025-02-01 16:57:49,596 [Worker-34: Building] INFO  o.a.m.s.f.DefaultMavenResourcesFiltering - skip non existing resourceDirectory C:\Users\Amit\Downloads\Job Portal\Job-Portal\src\test\resources
2025-02-01 16:58:07,505 [Worker-20: Building] INFO  o.a.m.s.f.DefaultMavenResourcesFiltering - Copying 1 resource from src\main\resources to target\classes
2025-02-01 16:58:07,514 [Worker-20: Building] INFO  o.a.m.s.f.DefaultMavenResourcesFiltering - Copying 0 resource from src\main\resources to target\classes
2025-02-01 16:58:07,516 [Worker-20: Building] INFO  o.a.m.s.f.DefaultMavenResourcesFiltering - skip non existing resourceDirectory C:\Users\Amit\Downloads\Job Portal\Job-Portal\src\test\resources
2025-02-01 16:59:03,457 [Worker-32: Building] INFO  o.a.m.s.f.DefaultMavenResourcesFiltering - Copying 1 resource from src\main\resources to target\classes
2025-02-01 16:59:03,462 [Worker-32: Building] INFO  o.a.m.s.f.DefaultMavenResourcesFiltering - Copying 0 resource from src\main\resources to target\classes
2025-02-01 16:59:03,464 [Worker-32: Building] INFO  o.a.m.s.f.DefaultMavenResourcesFiltering - skip non existing resourceDirectory C:\Users\Amit\Downloads\Job Portal\Job-Portal\src\test\resources
2025-02-01 17:01:05,333 [Worker-34: Launching Job-Portal - JobPortalApplication] INFO  o.e.m.c.i.l.LifecycleMappingFactory - Using org.eclipse.m2e.jdt.JarLifecycleMapping lifecycle mapping for MavenProject: com.jobportal:Job-Portal:0.0.1-SNAPSHOT @ C:\Users\Amit\Downloads\Job Portal\Job-Portal\pom.xml.
2025-02-01 17:01:05,569 [Worker-34: Launching Job-Portal - JobPortalApplication] INFO  o.e.m.c.i.e.AbstractTransferListenerAdapter - Downloading https://repo.maven.apache.org/maven2/org/springframework/boot/spring-boot-devtools/3.4.2/spring-boot-devtools-3.4.2.pom
2025-02-01 17:01:05,591 [Worker-34: Launching Job-Portal - JobPortalApplication] INFO  o.e.m.c.i.e.AbstractTransferListenerAdapter - Downloaded https://repo.maven.apache.org/maven2/org/springframework/boot/spring-boot-devtools/3.4.2/spring-boot-devtools-3.4.2.pom
2025-02-01 17:01:05,764 [Worker-34: Launching Job-Portal - JobPortalApplication] INFO  o.e.m.c.i.e.AbstractTransferListenerAdapter - Downloading https://repo.maven.apache.org/maven2/org/springframework/boot/spring-boot-devtools/3.4.2/spring-boot-devtools-3.4.2.jar
2025-02-01 17:01:05,814 [Worker-34: Launching Job-Portal - JobPortalApplication] INFO  o.e.m.c.i.e.AbstractTransferListenerAdapter - Downloaded https://repo.maven.apache.org/maven2/org/springframework/boot/spring-boot-devtools/3.4.2/spring-boot-devtools-3.4.2.jar
2025-02-01 17:01:06,065 [Worker-34: Launching Job-Portal - JobPortalApplication] INFO  o.a.m.s.f.DefaultMavenResourcesFiltering - Copying 1 resource from src\main\resources to target\classes
2025-02-01 17:01:06,079 [Worker-34: Launching Job-Portal - JobPortalApplication] INFO  o.a.m.s.f.DefaultMavenResourcesFiltering - Copying 0 resource from src\main\resources to target\classes
2025-02-01 17:01:06,085 [Worker-34: Launching Job-Portal - JobPortalApplication] INFO  o.a.m.s.f.DefaultMavenResourcesFiltering - skip non existing resourceDirectory C:\Users\Amit\Downloads\Job Portal\Job-Portal\src\test\resources
2025-02-01 17:01:06,514 [Worker-32: Building] INFO  o.a.m.s.f.DefaultMavenResourcesFiltering - Copying 1 resource from src\main\resources to target\classes
2025-02-01 17:01:06,566 [Worker-32: Building] INFO  o.a.m.s.f.DefaultMavenResourcesFiltering - Copying 0 resource from src\main\resources to target\classes
2025-02-01 17:01:06,572 [Worker-32: Building] INFO  o.a.m.s.f.DefaultMavenResourcesFiltering - skip non existing resourceDirectory C:\Users\Amit\Downloads\Job Portal\Job-Portal\src\test\resources
2025-02-01 17:01:06,988 [Worker-28: Download sources and javadoc] INFO  o.e.m.c.i.e.AbstractTransferListenerAdapter - Downloading https://repo.maven.apache.org/maven2/org/springframework/boot/spring-boot-devtools/3.4.2/spring-boot-devtools-3.4.2-sources.jar
2025-02-01 17:01:07,052 [Worker-28: Download sources and javadoc] INFO  o.e.m.c.i.e.AbstractTransferListenerAdapter - Downloaded https://repo.maven.apache.org/maven2/org/springframework/boot/spring-boot-devtools/3.4.2/spring-boot-devtools-3.4.2-sources.jar
2025-02-01 17:01:07,059 [Worker-28: Download sources and javadoc] INFO  o.e.m.j.internal.DownloadSourcesJob - Downloaded sources for org.springframework.boot:spring-boot-devtools:3.4.2
2025-02-01 17:03:28,264 [Worker-20: Building] INFO  o.e.m.c.i.l.LifecycleMappingFactory - Using org.eclipse.m2e.jdt.JarLifecycleMapping lifecycle mapping for MavenProject: com.jobportal:Job-Portal:0.0.1-SNAPSHOT @ C:\Users\Amit\Downloads\Job Portal\Job-Portal\pom.xml.
2025-02-01 17:03:28,444 [Worker-20: Building] INFO  o.e.m.c.i.e.AbstractTransferListenerAdapter - Downloading https://repo.maven.apache.org/maven2/org/springframework/boot/spring-boot-starter-validation/3.4.2/spring-boot-starter-validation-3.4.2.pom
2025-02-01 17:03:28,463 [Worker-20: Building] INFO  o.e.m.c.i.e.AbstractTransferListenerAdapter - Downloaded https://repo.maven.apache.org/maven2/org/springframework/boot/spring-boot-starter-validation/3.4.2/spring-boot-starter-validation-3.4.2.pom
2025-02-01 17:03:28,501 [Worker-20: Building] INFO  o.e.m.c.i.e.AbstractTransferListenerAdapter - Downloading https://repo.maven.apache.org/maven2/org/hibernate/validator/hibernate-validator/8.0.2.Final/hibernate-validator-8.0.2.Final.pom
2025-02-01 17:03:28,524 [Worker-20: Building] INFO  o.e.m.c.i.e.AbstractTransferListenerAdapter - Downloaded https://repo.maven.apache.org/maven2/org/hibernate/validator/hibernate-validator/8.0.2.Final/hibernate-validator-8.0.2.Final.pom
2025-02-01 17:03:28,564 [Worker-20: Building] INFO  o.e.m.c.i.e.AbstractTransferListenerAdapter - Downloading https://repo.maven.apache.org/maven2/org/hibernate/validator/hibernate-validator-parent/8.0.2.Final/hibernate-validator-parent-8.0.2.Final.pom
2025-02-01 17:03:28,609 [Worker-20: Building] INFO  o.e.m.c.i.e.AbstractTransferListenerAdapter - Downloaded https://repo.maven.apache.org/maven2/org/hibernate/validator/hibernate-validator-parent/8.0.2.Final/hibernate-validator-parent-8.0.2.Final.pom
2025-02-01 17:03:28,906 [Worker-20: Building] INFO  o.e.m.c.i.e.AbstractTransferListenerAdapter - Downloading https://repo.maven.apache.org/maven2/org/springframework/boot/spring-boot-starter-validation/3.4.2/spring-boot-starter-validation-3.4.2.jar
2025-02-01 17:03:28,941 [Worker-20: Building] INFO  o.e.m.c.i.e.AbstractTransferListenerAdapter - Downloaded https://repo.maven.apache.org/maven2/org/springframework/boot/spring-boot-starter-validation/3.4.2/spring-boot-starter-validation-3.4.2.jar
2025-02-01 17:03:28,958 [BasicRepositoryConnector-repo.maven.apache.org-1-0] INFO  o.e.m.c.i.e.AbstractTransferListenerAdapter - Downloading https://repo.maven.apache.org/maven2/org/hibernate/validator/hibernate-validator/8.0.2.Final/hibernate-validator-8.0.2.Final.jar
2025-02-01 17:03:29,047 [BasicRepositoryConnector-repo.maven.apache.org-1-0] INFO  o.e.m.c.i.e.AbstractTransferListenerAdapter - Downloaded https://repo.maven.apache.org/maven2/org/hibernate/validator/hibernate-validator/8.0.2.Final/hibernate-validator-8.0.2.Final.jar
2025-02-01 17:03:29,279 [Worker-20: Building] INFO  o.a.m.s.f.DefaultMavenResourcesFiltering - Copying 0 resource from src\main\resources to target\classes
2025-02-01 17:03:29,279 [Worker-20: Building] INFO  o.a.m.s.f.DefaultMavenResourcesFiltering - Copying 0 resource from src\main\resources to target\classes
2025-02-01 17:03:29,283 [Worker-20: Building] INFO  o.a.m.s.f.DefaultMavenResourcesFiltering - skip non existing resourceDirectory C:\Users\Amit\Downloads\Job Portal\Job-Portal\src\test\resources
2025-02-01 17:03:30,221 [Worker-22: Download sources and javadoc] INFO  o.e.m.c.i.e.AbstractTransferListenerAdapter - Downloading https://repo.maven.apache.org/maven2/org/springframework/boot/spring-boot-starter-validation/3.4.2/spring-boot-starter-validation-3.4.2-sources.jar
2025-02-01 17:03:30,266 [Worker-22: Download sources and javadoc] INFO  o.e.m.c.i.e.AbstractTransferListenerAdapter - Downloaded https://repo.maven.apache.org/maven2/org/springframework/boot/spring-boot-starter-validation/3.4.2/spring-boot-starter-validation-3.4.2-sources.jar
2025-02-01 17:03:30,270 [Worker-22: Download sources and javadoc] INFO  o.e.m.j.internal.DownloadSourcesJob - Downloaded sources for org.springframework.boot:spring-boot-starter-validation:3.4.2
2025-02-01 17:03:30,317 [Worker-22: Download sources and javadoc] INFO  o.e.m.c.i.e.AbstractTransferListenerAdapter - Downloading https://repo.maven.apache.org/maven2/org/hibernate/validator/hibernate-validator/8.0.2.Final/hibernate-validator-8.0.2.Final-sources.jar
2025-02-01 17:03:30,385 [Worker-22: Download sources and javadoc] INFO  o.e.m.c.i.e.AbstractTransferListenerAdapter - Downloaded https://repo.maven.apache.org/maven2/org/hibernate/validator/hibernate-validator/8.0.2.Final/hibernate-validator-8.0.2.Final-sources.jar
2025-02-01 17:03:30,390 [Worker-22: Download sources and javadoc] INFO  o.e.m.j.internal.DownloadSourcesJob - Downloaded sources for org.hibernate.validator:hibernate-validator:8.0.2.Final
2025-02-01 17:03:30,600 [Worker-22: Building] INFO  o.a.m.s.f.DefaultMavenResourcesFiltering - Copying 1 resource from src\main\resources to target\classes
2025-02-01 17:03:30,618 [Worker-22: Building] INFO  o.a.m.s.f.DefaultMavenResourcesFiltering - Copying 0 resource from src\main\resources to target\classes
2025-02-01 17:03:30,621 [Worker-22: Building] INFO  o.a.m.s.f.DefaultMavenResourcesFiltering - skip non existing resourceDirectory C:\Users\Amit\Downloads\Job Portal\Job-Portal\src\test\resources
2025-02-01 17:04:34,975 [Worker-20: Building] INFO  o.a.m.s.f.DefaultMavenResourcesFiltering - Copying 1 resource from src\main\resources to target\classes
2025-02-01 17:04:34,979 [Worker-20: Building] INFO  o.a.m.s.f.DefaultMavenResourcesFiltering - Copying 0 resource from src\main\resources to target\classes
2025-02-01 17:04:34,981 [Worker-20: Building] INFO  o.a.m.s.f.DefaultMavenResourcesFiltering - skip non existing resourceDirectory C:\Users\Amit\Downloads\Job Portal\Job-Portal\src\test\resources
2025-02-01 17:07:12,322 [Worker-37: Building] INFO  o.a.m.s.f.DefaultMavenResourcesFiltering - Copying 1 resource from src\main\resources to target\classes
2025-02-01 17:07:12,329 [Worker-37: Building] INFO  o.a.m.s.f.DefaultMavenResourcesFiltering - Copying 0 resource from src\main\resources to target\classes
2025-02-01 17:07:12,332 [Worker-37: Building] INFO  o.a.m.s.f.DefaultMavenResourcesFiltering - skip non existing resourceDirectory C:\Users\Amit\Downloads\Job Portal\Job-Portal\src\test\resources
2025-02-01 17:16:29,363 [Worker-37: Building] INFO  o.a.m.s.f.DefaultMavenResourcesFiltering - Copying 1 resource from src\main\resources to target\classes
2025-02-01 17:16:29,369 [Worker-37: Building] INFO  o.a.m.s.f.DefaultMavenResourcesFiltering - Copying 0 resource from src\main\resources to target\classes
2025-02-01 17:16:29,372 [Worker-37: Building] INFO  o.a.m.s.f.DefaultMavenResourcesFiltering - skip non existing resourceDirectory C:\Users\Amit\Downloads\Job Portal\Job-Portal\src\test\resources
2025-02-01 17:20:45,155 [Worker-37: Building] INFO  o.a.m.s.f.DefaultMavenResourcesFiltering - Copying 1 resource from src\main\resources to target\classes
2025-02-01 17:20:45,161 [Worker-37: Building] INFO  o.a.m.s.f.DefaultMavenResourcesFiltering - Copying 0 resource from src\main\resources to target\classes
2025-02-01 17:20:45,164 [Worker-37: Building] INFO  o.a.m.s.f.DefaultMavenResourcesFiltering - skip non existing resourceDirectory C:\Users\Amit\Downloads\Job Portal\Job-Portal\src\test\resources
2025-02-01 17:23:48,803 [Worker-33: Launching Job-Portal - JobPortalApplication] INFO  o.a.m.s.f.DefaultMavenResourcesFiltering - Copying 1 resource from src\main\resources to target\classes
2025-02-01 17:23:48,808 [Worker-33: Launching Job-Portal - JobPortalApplication] INFO  o.a.m.s.f.DefaultMavenResourcesFiltering - Copying 0 resource from src\main\resources to target\classes
2025-02-01 17:23:48,812 [Worker-33: Launching Job-Portal - JobPortalApplication] INFO  o.a.m.s.f.DefaultMavenResourcesFiltering - skip non existing resourceDirectory C:\Users\Amit\Downloads\Job Portal\Job-Portal\src\test\resources
2025-02-01 17:26:45,675 [Worker-18: Building] INFO  o.a.m.s.f.DefaultMavenResourcesFiltering - Copying 1 resource from src\main\resources to target\classes
2025-02-01 17:26:45,681 [Worker-18: Building] INFO  o.a.m.s.f.DefaultMavenResourcesFiltering - Copying 0 resource from src\main\resources to target\classes
2025-02-01 17:26:45,684 [Worker-18: Building] INFO  o.a.m.s.f.DefaultMavenResourcesFiltering - skip non existing resourceDirectory C:\Users\Amit\Downloads\Job Portal\Job-Portal\src\test\resources
2025-02-01 17:29:24,544 [Worker-35: Building] INFO  o.a.m.s.f.DefaultMavenResourcesFiltering - Copying 1 resource from src\main\resources to target\classes
2025-02-01 17:29:24,552 [Worker-35: Building] INFO  o.a.m.s.f.DefaultMavenResourcesFiltering - Copying 0 resource from src\main\resources to target\classes
2025-02-01 17:29:24,554 [Worker-35: Building] INFO  o.a.m.s.f.DefaultMavenResourcesFiltering - skip non existing resourceDirectory C:\Users\Amit\Downloads\Job Portal\Job-Portal\src\test\resources
2025-02-01 17:30:01,309 [Worker-36: Building] INFO  o.a.m.s.f.DefaultMavenResourcesFiltering - Copying 1 resource from src\main\resources to target\classes
2025-02-01 17:30:01,315 [Worker-36: Building] INFO  o.a.m.s.f.DefaultMavenResourcesFiltering - Copying 0 resource from src\main\resources to target\classes
2025-02-01 17:30:01,319 [Worker-36: Building] INFO  o.a.m.s.f.DefaultMavenResourcesFiltering - skip non existing resourceDirectory C:\Users\Amit\Downloads\Job Portal\Job-Portal\src\test\resources
2025-02-01 17:30:39,250 [Worker-22: Building] INFO  o.a.m.s.f.DefaultMavenResourcesFiltering - Copying 1 resource from src\main\resources to target\classes
2025-02-01 17:30:39,255 [Worker-22: Building] INFO  o.a.m.s.f.DefaultMavenResourcesFiltering - Copying 0 resource from src\main\resources to target\classes
2025-02-01 17:30:39,257 [Worker-22: Building] INFO  o.a.m.s.f.DefaultMavenResourcesFiltering - skip non existing resourceDirectory C:\Users\Amit\Downloads\Job Portal\Job-Portal\src\test\resources
2025-02-01 17:42:32,853 [Worker-18: Building] INFO  o.a.m.s.f.DefaultMavenResourcesFiltering - Copying 1 resource from src\main\resources to target\classes
2025-02-01 17:42:32,859 [Worker-18: Building] INFO  o.a.m.s.f.DefaultMavenResourcesFiltering - Copying 0 resource from src\main\resources to target\classes
2025-02-01 17:42:32,861 [Worker-18: Building] INFO  o.a.m.s.f.DefaultMavenResourcesFiltering - skip non existing resourceDirectory C:\Users\Amit\Downloads\Job Portal\Job-Portal\src\test\resources
2025-02-01 17:43:14,782 [Worker-18: Launching Job-Portal - JobPortalApplication] INFO  o.a.m.s.f.DefaultMavenResourcesFiltering - Copying 1 resource from src\main\resources to target\classes
2025-02-01 17:43:14,788 [Worker-18: Launching Job-Portal - JobPortalApplication] INFO  o.a.m.s.f.DefaultMavenResourcesFiltering - Copying 0 resource from src\main\resources to target\classes
2025-02-01 17:43:14,791 [Worker-18: Launching Job-Portal - JobPortalApplication] INFO  o.a.m.s.f.DefaultMavenResourcesFiltering - skip non existing resourceDirectory C:\Users\Amit\Downloads\Job Portal\Job-Portal\src\test\resources
2025-02-01 17:47:33,710 [Worker-22: Launching Job-Portal - JobPortalApplication] INFO  o.a.m.s.f.DefaultMavenResourcesFiltering - Copying 1 resource from src\main\resources to target\classes
2025-02-01 17:47:33,717 [Worker-22: Launching Job-Portal - JobPortalApplication] INFO  o.a.m.s.f.DefaultMavenResourcesFiltering - Copying 0 resource from src\main\resources to target\classes
2025-02-01 17:47:33,720 [Worker-22: Launching Job-Portal - JobPortalApplication] INFO  o.a.m.s.f.DefaultMavenResourcesFiltering - skip non existing resourceDirectory C:\Users\Amit\Downloads\Job Portal\Job-Portal\src\test\resources
2025-02-01 17:48:30,727 [Worker-36: Launching Job-Portal - JobPortalApplication] INFO  o.a.m.s.f.DefaultMavenResourcesFiltering - Copying 1 resource from src\main\resources to target\classes
2025-02-01 17:48:30,732 [Worker-36: Launching Job-Portal - JobPortalApplication] INFO  o.a.m.s.f.DefaultMavenResourcesFiltering - Copying 0 resource from src\main\resources to target\classes
2025-02-01 17:48:30,734 [Worker-36: Launching Job-Portal - JobPortalApplication] INFO  o.a.m.s.f.DefaultMavenResourcesFiltering - skip non existing resourceDirectory C:\Users\Amit\Downloads\Job Portal\Job-Portal\src\test\resources
2025-02-01 17:50:28,997 [Worker-39: Building] INFO  o.a.m.s.f.DefaultMavenResourcesFiltering - Copying 1 resource from src\main\resources to target\classes
2025-02-01 17:50:29,001 [Worker-39: Building] INFO  o.a.m.s.f.DefaultMavenResourcesFiltering - Copying 0 resource from src\main\resources to target\classes
2025-02-01 17:50:29,004 [Worker-39: Building] INFO  o.a.m.s.f.DefaultMavenResourcesFiltering - skip non existing resourceDirectory C:\Users\Amit\Downloads\Job Portal\Job-Portal\src\test\resources
2025-02-01 17:53:05,301 [Worker-20: Building] INFO  o.a.m.s.f.DefaultMavenResourcesFiltering - Copying 1 resource from src\main\resources to target\classes
2025-02-01 17:53:05,313 [Worker-20: Building] INFO  o.a.m.s.f.DefaultMavenResourcesFiltering - Copying 0 resource from src\main\resources to target\classes
2025-02-01 17:53:05,314 [Worker-20: Building] INFO  o.a.m.s.f.DefaultMavenResourcesFiltering - skip non existing resourceDirectory C:\Users\Amit\Downloads\Job Portal\Job-Portal\src\test\resources
2025-02-01 17:56:01,263 [Worker-38: Launching Job-Portal - JobPortalApplication] INFO  o.a.m.s.f.DefaultMavenResourcesFiltering - Copying 1 resource from src\main\resources to target\classes
2025-02-01 17:56:01,266 [Worker-38: Launching Job-Portal - JobPortalApplication] INFO  o.a.m.s.f.DefaultMavenResourcesFiltering - Copying 0 resource from src\main\resources to target\classes
2025-02-01 17:56:01,269 [Worker-38: Launching Job-Portal - JobPortalApplication] INFO  o.a.m.s.f.DefaultMavenResourcesFiltering - skip non existing resourceDirectory C:\Users\Amit\Downloads\Job Portal\Job-Portal\src\test\resources
2025-02-01 18:13:30,242 [Worker-28: Building] INFO  o.a.m.s.f.DefaultMavenResourcesFiltering - Copying 1 resource from src\main\resources to target\classes
2025-02-01 18:13:30,247 [Worker-28: Building] INFO  o.a.m.s.f.DefaultMavenResourcesFiltering - Copying 0 resource from src\main\resources to target\classes
2025-02-01 18:13:30,250 [Worker-28: Building] INFO  o.a.m.s.f.DefaultMavenResourcesFiltering - skip non existing resourceDirectory C:\Users\Amit\Downloads\Job Portal\Job-Portal\src\test\resources
2025-02-01 18:24:11,457 [Worker-28: Building] INFO  o.a.m.s.f.DefaultMavenResourcesFiltering - Copying 1 resource from src\main\resources to target\classes
2025-02-01 18:24:11,463 [Worker-28: Building] INFO  o.a.m.s.f.DefaultMavenResourcesFiltering - Copying 0 resource from src\main\resources to target\classes
2025-02-01 18:24:11,464 [Worker-28: Building] INFO  o.a.m.s.f.DefaultMavenResourcesFiltering - skip non existing resourceDirectory C:\Users\Amit\Downloads\Job Portal\Job-Portal\src\test\resources
2025-02-01 18:26:37,749 [Worker-40: Building] INFO  o.a.m.s.f.DefaultMavenResourcesFiltering - Copying 0 resource from src\main\resources to target\classes
2025-02-01 18:26:37,750 [Worker-40: Building] INFO  o.a.m.s.f.DefaultMavenResourcesFiltering - Copying 1 resource from src\main\resources to target\classes
2025-02-01 18:26:37,754 [Worker-40: Building] INFO  o.a.m.s.f.DefaultMavenResourcesFiltering - skip non existing resourceDirectory C:\Users\Amit\Downloads\Job Portal\Job-Portal\src\test\resources
2025-02-02 08:31:13,582 [Worker-3: Loading available Gradle versions] INFO  o.e.b.c.i.u.g.PublishedGradleVersions - Gradle version information cache is up-to-date. Trying to read.
2025-02-02 08:31:29,537 [Worker-9: Building] INFO  o.a.m.s.f.DefaultMavenResourcesFiltering - Copying 1 resource from src\main\resources to target\classes
2025-02-02 08:31:29,572 [Worker-9: Building] INFO  o.a.m.s.f.DefaultMavenResourcesFiltering - Copying 1 resource from src\main\resources to target\classes
2025-02-02 08:31:29,584 [Worker-9: Building] INFO  o.a.m.s.f.DefaultMavenResourcesFiltering - skip non existing resourceDirectory C:\Users\Amit\Downloads\Job Portal\Job-Portal\src\test\resources
2025-02-02 09:14:37,270 [Worker-1: Building] INFO  o.a.m.s.f.DefaultMavenResourcesFiltering - Copying 1 resource from src\main\resources to target\classes
2025-02-02 09:14:37,329 [Worker-1: Building] INFO  o.a.m.s.f.DefaultMavenResourcesFiltering - Copying 1 resource from src\main\resources to target\classes
2025-02-02 09:14:37,333 [Worker-1: Building] INFO  o.a.m.s.f.DefaultMavenResourcesFiltering - skip non existing resourceDirectory C:\Users\Amit\Downloads\Job Portal\Job-Portal\src\test\resources
2025-02-02 09:16:49,777 [Worker-6: Building] INFO  o.a.m.s.f.DefaultMavenResourcesFiltering - Copying 1 resource from src\main\resources to target\classes
2025-02-02 09:16:49,791 [Worker-6: Building] INFO  o.a.m.s.f.DefaultMavenResourcesFiltering - Copying 1 resource from src\main\resources to target\classes
2025-02-02 09:16:49,796 [Worker-6: Building] INFO  o.a.m.s.f.DefaultMavenResourcesFiltering - skip non existing resourceDirectory C:\Users\Amit\Downloads\Job Portal\Job-Portal\src\test\resources
2025-02-02 09:21:20,974 [Worker-1: Building] INFO  o.a.m.s.f.DefaultMavenResourcesFiltering - Copying 1 resource from src\main\resources to target\classes
2025-02-02 09:21:20,980 [Worker-1: Building] INFO  o.a.m.s.f.DefaultMavenResourcesFiltering - Copying 1 resource from src\main\resources to target\classes
2025-02-02 09:21:20,983 [Worker-1: Building] INFO  o.a.m.s.f.DefaultMavenResourcesFiltering - skip non existing resourceDirectory C:\Users\Amit\Downloads\Job Portal\Job-Portal\src\test\resources
2025-02-02 09:33:14,334 [Worker-7: Building] INFO  o.a.m.s.f.DefaultMavenResourcesFiltering - Copying 1 resource from src\main\resources to target\classes
2025-02-02 09:33:14,339 [Worker-7: Building] INFO  o.a.m.s.f.DefaultMavenResourcesFiltering - Copying 1 resource from src\main\resources to target\classes
2025-02-02 09:33:14,344 [Worker-7: Building] INFO  o.a.m.s.f.DefaultMavenResourcesFiltering - skip non existing resourceDirectory C:\Users\Amit\Downloads\Job Portal\Job-Portal\src\test\resources
2025-02-02 09:35:52,507 [Worker-1: Building] INFO  o.a.m.s.f.DefaultMavenResourcesFiltering - Copying 1 resource from src\main\resources to target\classes
2025-02-02 09:35:52,512 [Worker-1: Building] INFO  o.a.m.s.f.DefaultMavenResourcesFiltering - Copying 1 resource from src\main\resources to target\classes
2025-02-02 09:35:52,515 [Worker-1: Building] INFO  o.a.m.s.f.DefaultMavenResourcesFiltering - skip non existing resourceDirectory C:\Users\Amit\Downloads\Job Portal\Job-Portal\src\test\resources
2025-02-02 09:38:38,501 [Worker-1: Launching Executing verify in C__Users_Amit_Downloads_Job Portal_Job-Portal] INFO  o.eclipse.m2e.core.internal.Bundles - getClasspathEntries(Bundle=org.eclipse.m2e.maven.runtime_3.9.900.20240824-1409 [364])
2025-02-02 09:38:38,503 [Worker-1: Launching Executing verify in C__Users_Amit_Downloads_Job Portal_Job-Portal] INFO  o.eclipse.m2e.core.internal.Bundles - 	Entry: C:\Users\Amit\Desktop\spring-tool-suite-4-4.27.0.RELEASE-e4.34.0-win32.win32.x86_64\sts-4.27.0.RELEASE\plugins\org.eclipse.m2e.maven.runtime_3.9.900.20240824-1409
2025-02-02 09:38:38,504 [Worker-1: Launching Executing verify in C__Users_Amit_Downloads_Job Portal_Job-Portal] INFO  o.eclipse.m2e.core.internal.Bundles - 	Entry: C:\Users\Amit\Desktop\spring-tool-suite-4-4.27.0.RELEASE-e4.34.0-win32.win32.x86_64\sts-4.27.0.RELEASE\plugins\org.eclipse.m2e.maven.runtime_3.9.900.20240824-1409\jars\aopalliance-1.0.jar
2025-02-02 09:38:38,504 [Worker-1: Launching Executing verify in C__Users_Amit_Downloads_Job Portal_Job-Portal] INFO  o.eclipse.m2e.core.internal.Bundles - 	Entry: C:\Users\Amit\Desktop\spring-tool-suite-4-4.27.0.RELEASE-e4.34.0-win32.win32.x86_64\sts-4.27.0.RELEASE\plugins\org.eclipse.m2e.maven.runtime_3.9.900.20240824-1409\jars\guice-5.1.0.jar
2025-02-02 09:38:38,504 [Worker-1: Launching Executing verify in C__Users_Amit_Downloads_Job Portal_Job-Portal] INFO  o.eclipse.m2e.core.internal.Bundles - 	Entry: C:\Users\Amit\Desktop\spring-tool-suite-4-4.27.0.RELEASE-e4.34.0-win32.win32.x86_64\sts-4.27.0.RELEASE\plugins\org.eclipse.m2e.maven.runtime_3.9.900.20240824-1409\jars\httpclient-4.5.14.jar
2025-02-02 09:38:38,505 [Worker-1: Launching Executing verify in C__Users_Amit_Downloads_Job Portal_Job-Portal] INFO  o.eclipse.m2e.core.internal.Bundles - 	Entry: C:\Users\Amit\Desktop\spring-tool-suite-4-4.27.0.RELEASE-e4.34.0-win32.win32.x86_64\sts-4.27.0.RELEASE\plugins\org.eclipse.m2e.maven.runtime_3.9.900.20240824-1409\jars\httpcore-4.4.16.jar
2025-02-02 09:38:38,505 [Worker-1: Launching Executing verify in C__Users_Amit_Downloads_Job Portal_Job-Portal] INFO  o.eclipse.m2e.core.internal.Bundles - 	Entry: C:\Users\Amit\Desktop\spring-tool-suite-4-4.27.0.RELEASE-e4.34.0-win32.win32.x86_64\sts-4.27.0.RELEASE\plugins\org.eclipse.m2e.maven.runtime_3.9.900.20240824-1409\jars\jansi-2.4.1.jar
2025-02-02 09:38:38,505 [Worker-1: Launching Executing verify in C__Users_Amit_Downloads_Job Portal_Job-Portal] INFO  o.eclipse.m2e.core.internal.Bundles - 	Entry: C:\Users\Amit\Desktop\spring-tool-suite-4-4.27.0.RELEASE-e4.34.0-win32.win32.x86_64\sts-4.27.0.RELEASE\plugins\org.eclipse.m2e.maven.runtime_3.9.900.20240824-1409\jars\jcl-over-slf4j-1.7.36.jar
2025-02-02 09:38:38,505 [Worker-1: Launching Executing verify in C__Users_Amit_Downloads_Job Portal_Job-Portal] INFO  o.eclipse.m2e.core.internal.Bundles - 	Entry: C:\Users\Amit\Desktop\spring-tool-suite-4-4.27.0.RELEASE-e4.34.0-win32.win32.x86_64\sts-4.27.0.RELEASE\plugins\org.eclipse.m2e.maven.runtime_3.9.900.20240824-1409\jars\maven-artifact-3.9.9.jar
2025-02-02 09:38:38,505 [Worker-1: Launching Executing verify in C__Users_Amit_Downloads_Job Portal_Job-Portal] INFO  o.eclipse.m2e.core.internal.Bundles - 	Entry: C:\Users\Amit\Desktop\spring-tool-suite-4-4.27.0.RELEASE-e4.34.0-win32.win32.x86_64\sts-4.27.0.RELEASE\plugins\org.eclipse.m2e.maven.runtime_3.9.900.20240824-1409\jars\maven-builder-support-3.9.9.jar
2025-02-02 09:38:38,505 [Worker-1: Launching Executing verify in C__Users_Amit_Downloads_Job Portal_Job-Portal] INFO  o.eclipse.m2e.core.internal.Bundles - 	Entry: C:\Users\Amit\Desktop\spring-tool-suite-4-4.27.0.RELEASE-e4.34.0-win32.win32.x86_64\sts-4.27.0.RELEASE\plugins\org.eclipse.m2e.maven.runtime_3.9.900.20240824-1409\jars\maven-compat-3.9.9.jar
2025-02-02 09:38:38,506 [Worker-1: Launching Executing verify in C__Users_Amit_Downloads_Job Portal_Job-Portal] INFO  o.eclipse.m2e.core.internal.Bundles - 	Entry: C:\Users\Amit\Desktop\spring-tool-suite-4-4.27.0.RELEASE-e4.34.0-win32.win32.x86_64\sts-4.27.0.RELEASE\plugins\org.eclipse.m2e.maven.runtime_3.9.900.20240824-1409\jars\maven-core-3.9.9.jar
2025-02-02 09:38:38,506 [Worker-1: Launching Executing verify in C__Users_Amit_Downloads_Job Portal_Job-Portal] INFO  o.eclipse.m2e.core.internal.Bundles - 	Entry: C:\Users\Amit\Desktop\spring-tool-suite-4-4.27.0.RELEASE-e4.34.0-win32.win32.x86_64\sts-4.27.0.RELEASE\plugins\org.eclipse.m2e.maven.runtime_3.9.900.20240824-1409\jars\maven-embedder-3.9.9.jar
2025-02-02 09:38:38,506 [Worker-1: Launching Executing verify in C__Users_Amit_Downloads_Job Portal_Job-Portal] INFO  o.eclipse.m2e.core.internal.Bundles - 	Entry: C:\Users\Amit\Desktop\spring-tool-suite-4-4.27.0.RELEASE-e4.34.0-win32.win32.x86_64\sts-4.27.0.RELEASE\plugins\org.eclipse.m2e.maven.runtime_3.9.900.20240824-1409\jars\maven-model-3.9.9.jar
2025-02-02 09:38:38,506 [Worker-1: Launching Executing verify in C__Users_Amit_Downloads_Job Portal_Job-Portal] INFO  o.eclipse.m2e.core.internal.Bundles - 	Entry: C:\Users\Amit\Desktop\spring-tool-suite-4-4.27.0.RELEASE-e4.34.0-win32.win32.x86_64\sts-4.27.0.RELEASE\plugins\org.eclipse.m2e.maven.runtime_3.9.900.20240824-1409\jars\maven-model-builder-3.9.9.jar
2025-02-02 09:38:38,506 [Worker-1: Launching Executing verify in C__Users_Amit_Downloads_Job Portal_Job-Portal] INFO  o.eclipse.m2e.core.internal.Bundles - 	Entry: C:\Users\Amit\Desktop\spring-tool-suite-4-4.27.0.RELEASE-e4.34.0-win32.win32.x86_64\sts-4.27.0.RELEASE\plugins\org.eclipse.m2e.maven.runtime_3.9.900.20240824-1409\jars\maven-plugin-api-3.9.9.jar
2025-02-02 09:38:38,506 [Worker-1: Launching Executing verify in C__Users_Amit_Downloads_Job Portal_Job-Portal] INFO  o.eclipse.m2e.core.internal.Bundles - 	Entry: C:\Users\Amit\Desktop\spring-tool-suite-4-4.27.0.RELEASE-e4.34.0-win32.win32.x86_64\sts-4.27.0.RELEASE\plugins\org.eclipse.m2e.maven.runtime_3.9.900.20240824-1409\jars\maven-repository-metadata-3.9.9.jar
2025-02-02 09:38:38,506 [Worker-1: Launching Executing verify in C__Users_Amit_Downloads_Job Portal_Job-Portal] INFO  o.eclipse.m2e.core.internal.Bundles - 	Entry: C:\Users\Amit\Desktop\spring-tool-suite-4-4.27.0.RELEASE-e4.34.0-win32.win32.x86_64\sts-4.27.0.RELEASE\plugins\org.eclipse.m2e.maven.runtime_3.9.900.20240824-1409\jars\maven-resolver-api-1.9.22.jar
2025-02-02 09:38:38,506 [Worker-1: Launching Executing verify in C__Users_Amit_Downloads_Job Portal_Job-Portal] INFO  o.eclipse.m2e.core.internal.Bundles - 	Entry: C:\Users\Amit\Desktop\spring-tool-suite-4-4.27.0.RELEASE-e4.34.0-win32.win32.x86_64\sts-4.27.0.RELEASE\plugins\org.eclipse.m2e.maven.runtime_3.9.900.20240824-1409\jars\maven-resolver-connector-basic-1.9.22.jar
2025-02-02 09:38:38,506 [Worker-1: Launching Executing verify in C__Users_Amit_Downloads_Job Portal_Job-Portal] INFO  o.eclipse.m2e.core.internal.Bundles - 	Entry: C:\Users\Amit\Desktop\spring-tool-suite-4-4.27.0.RELEASE-e4.34.0-win32.win32.x86_64\sts-4.27.0.RELEASE\plugins\org.eclipse.m2e.maven.runtime_3.9.900.20240824-1409\jars\maven-resolver-impl-1.9.22.jar
2025-02-02 09:38:38,507 [Worker-1: Launching Executing verify in C__Users_Amit_Downloads_Job Portal_Job-Portal] INFO  o.eclipse.m2e.core.internal.Bundles - 	Entry: C:\Users\Amit\Desktop\spring-tool-suite-4-4.27.0.RELEASE-e4.34.0-win32.win32.x86_64\sts-4.27.0.RELEASE\plugins\org.eclipse.m2e.maven.runtime_3.9.900.20240824-1409\jars\maven-resolver-named-locks-1.9.22.jar
2025-02-02 09:38:38,507 [Worker-1: Launching Executing verify in C__Users_Amit_Downloads_Job Portal_Job-Portal] INFO  o.eclipse.m2e.core.internal.Bundles - 	Entry: C:\Users\Amit\Desktop\spring-tool-suite-4-4.27.0.RELEASE-e4.34.0-win32.win32.x86_64\sts-4.27.0.RELEASE\plugins\org.eclipse.m2e.maven.runtime_3.9.900.20240824-1409\jars\maven-resolver-provider-3.9.9.jar
2025-02-02 09:38:38,507 [Worker-1: Launching Executing verify in C__Users_Amit_Downloads_Job Portal_Job-Portal] INFO  o.eclipse.m2e.core.internal.Bundles - 	Entry: C:\Users\Amit\Desktop\spring-tool-suite-4-4.27.0.RELEASE-e4.34.0-win32.win32.x86_64\sts-4.27.0.RELEASE\plugins\org.eclipse.m2e.maven.runtime_3.9.900.20240824-1409\jars\maven-resolver-spi-1.9.22.jar
2025-02-02 09:38:38,507 [Worker-1: Launching Executing verify in C__Users_Amit_Downloads_Job Portal_Job-Portal] INFO  o.eclipse.m2e.core.internal.Bundles - 	Entry: C:\Users\Amit\Desktop\spring-tool-suite-4-4.27.0.RELEASE-e4.34.0-win32.win32.x86_64\sts-4.27.0.RELEASE\plugins\org.eclipse.m2e.maven.runtime_3.9.900.20240824-1409\jars\maven-resolver-transport-file-1.9.22.jar
2025-02-02 09:38:38,507 [Worker-1: Launching Executing verify in C__Users_Amit_Downloads_Job Portal_Job-Portal] INFO  o.eclipse.m2e.core.internal.Bundles - 	Entry: C:\Users\Amit\Desktop\spring-tool-suite-4-4.27.0.RELEASE-e4.34.0-win32.win32.x86_64\sts-4.27.0.RELEASE\plugins\org.eclipse.m2e.maven.runtime_3.9.900.20240824-1409\jars\maven-resolver-transport-http-1.9.22.jar
2025-02-02 09:38:38,507 [Worker-1: Launching Executing verify in C__Users_Amit_Downloads_Job Portal_Job-Portal] INFO  o.eclipse.m2e.core.internal.Bundles - 	Entry: C:\Users\Amit\Desktop\spring-tool-suite-4-4.27.0.RELEASE-e4.34.0-win32.win32.x86_64\sts-4.27.0.RELEASE\plugins\org.eclipse.m2e.maven.runtime_3.9.900.20240824-1409\jars\maven-resolver-transport-wagon-1.9.22.jar
2025-02-02 09:38:38,507 [Worker-1: Launching Executing verify in C__Users_Amit_Downloads_Job Portal_Job-Portal] INFO  o.eclipse.m2e.core.internal.Bundles - 	Entry: C:\Users\Amit\Desktop\spring-tool-suite-4-4.27.0.RELEASE-e4.34.0-win32.win32.x86_64\sts-4.27.0.RELEASE\plugins\org.eclipse.m2e.maven.runtime_3.9.900.20240824-1409\jars\maven-resolver-util-1.9.22.jar
2025-02-02 09:38:38,507 [Worker-1: Launching Executing verify in C__Users_Amit_Downloads_Job Portal_Job-Portal] INFO  o.eclipse.m2e.core.internal.Bundles - 	Entry: C:\Users\Amit\Desktop\spring-tool-suite-4-4.27.0.RELEASE-e4.34.0-win32.win32.x86_64\sts-4.27.0.RELEASE\plugins\org.eclipse.m2e.maven.runtime_3.9.900.20240824-1409\jars\maven-settings-3.9.9.jar
2025-02-02 09:38:38,507 [Worker-1: Launching Executing verify in C__Users_Amit_Downloads_Job Portal_Job-Portal] INFO  o.eclipse.m2e.core.internal.Bundles - 	Entry: C:\Users\Amit\Desktop\spring-tool-suite-4-4.27.0.RELEASE-e4.34.0-win32.win32.x86_64\sts-4.27.0.RELEASE\plugins\org.eclipse.m2e.maven.runtime_3.9.900.20240824-1409\jars\maven-settings-builder-3.9.9.jar
2025-02-02 09:38:38,508 [Worker-1: Launching Executing verify in C__Users_Amit_Downloads_Job Portal_Job-Portal] INFO  o.eclipse.m2e.core.internal.Bundles - 	Entry: C:\Users\Amit\Desktop\spring-tool-suite-4-4.27.0.RELEASE-e4.34.0-win32.win32.x86_64\sts-4.27.0.RELEASE\plugins\org.eclipse.m2e.maven.runtime_3.9.900.20240824-1409\jars\maven-shared-utils-3.4.2.jar
2025-02-02 09:38:38,508 [Worker-1: Launching Executing verify in C__Users_Amit_Downloads_Job Portal_Job-Portal] INFO  o.eclipse.m2e.core.internal.Bundles - 	Entry: C:\Users\Amit\Desktop\spring-tool-suite-4-4.27.0.RELEASE-e4.34.0-win32.win32.x86_64\sts-4.27.0.RELEASE\plugins\org.eclipse.m2e.maven.runtime_3.9.900.20240824-1409\jars\org.eclipse.sisu.inject-0.9.0.M3.jar
2025-02-02 09:38:38,508 [Worker-1: Launching Executing verify in C__Users_Amit_Downloads_Job Portal_Job-Portal] INFO  o.eclipse.m2e.core.internal.Bundles - 	Entry: C:\Users\Amit\Desktop\spring-tool-suite-4-4.27.0.RELEASE-e4.34.0-win32.win32.x86_64\sts-4.27.0.RELEASE\plugins\org.eclipse.m2e.maven.runtime_3.9.900.20240824-1409\jars\org.eclipse.sisu.plexus-0.9.0.M3.jar
2025-02-02 09:38:38,508 [Worker-1: Launching Executing verify in C__Users_Amit_Downloads_Job Portal_Job-Portal] INFO  o.eclipse.m2e.core.internal.Bundles - 	Entry: C:\Users\Amit\Desktop\spring-tool-suite-4-4.27.0.RELEASE-e4.34.0-win32.win32.x86_64\sts-4.27.0.RELEASE\plugins\org.eclipse.m2e.maven.runtime_3.9.900.20240824-1409\jars\plexus-build-api-0.0.7.jar
2025-02-02 09:38:38,508 [Worker-1: Launching Executing verify in C__Users_Amit_Downloads_Job Portal_Job-Portal] INFO  o.eclipse.m2e.core.internal.Bundles - 	Entry: C:\Users\Amit\Desktop\spring-tool-suite-4-4.27.0.RELEASE-e4.34.0-win32.win32.x86_64\sts-4.27.0.RELEASE\plugins\org.eclipse.m2e.maven.runtime_3.9.900.20240824-1409\jars\plexus-build-api-1.2.0.jar
2025-02-02 09:38:38,508 [Worker-1: Launching Executing verify in C__Users_Amit_Downloads_Job Portal_Job-Portal] INFO  o.eclipse.m2e.core.internal.Bundles - 	Entry: C:\Users\Amit\Desktop\spring-tool-suite-4-4.27.0.RELEASE-e4.34.0-win32.win32.x86_64\sts-4.27.0.RELEASE\plugins\org.eclipse.m2e.maven.runtime_3.9.900.20240824-1409\jars\plexus-cipher-2.0.jar
2025-02-02 09:38:38,508 [Worker-1: Launching Executing verify in C__Users_Amit_Downloads_Job Portal_Job-Portal] INFO  o.eclipse.m2e.core.internal.Bundles - 	Entry: C:\Users\Amit\Desktop\spring-tool-suite-4-4.27.0.RELEASE-e4.34.0-win32.win32.x86_64\sts-4.27.0.RELEASE\plugins\org.eclipse.m2e.maven.runtime_3.9.900.20240824-1409\jars\plexus-classworlds-2.8.0.jar
2025-02-02 09:38:38,508 [Worker-1: Launching Executing verify in C__Users_Amit_Downloads_Job Portal_Job-Portal] INFO  o.eclipse.m2e.core.internal.Bundles - 	Entry: C:\Users\Amit\Desktop\spring-tool-suite-4-4.27.0.RELEASE-e4.34.0-win32.win32.x86_64\sts-4.27.0.RELEASE\plugins\org.eclipse.m2e.maven.runtime_3.9.900.20240824-1409\jars\plexus-component-annotations-2.1.0.jar
2025-02-02 09:38:38,508 [Worker-1: Launching Executing verify in C__Users_Amit_Downloads_Job Portal_Job-Portal] INFO  o.eclipse.m2e.core.internal.Bundles - 	Entry: C:\Users\Amit\Desktop\spring-tool-suite-4-4.27.0.RELEASE-e4.34.0-win32.win32.x86_64\sts-4.27.0.RELEASE\plugins\org.eclipse.m2e.maven.runtime_3.9.900.20240824-1409\jars\plexus-interpolation-1.27.jar
2025-02-02 09:38:38,509 [Worker-1: Launching Executing verify in C__Users_Amit_Downloads_Job Portal_Job-Portal] INFO  o.eclipse.m2e.core.internal.Bundles - 	Entry: C:\Users\Amit\Desktop\spring-tool-suite-4-4.27.0.RELEASE-e4.34.0-win32.win32.x86_64\sts-4.27.0.RELEASE\plugins\org.eclipse.m2e.maven.runtime_3.9.900.20240824-1409\jars\plexus-sec-dispatcher-2.0.jar
2025-02-02 09:38:38,509 [Worker-1: Launching Executing verify in C__Users_Amit_Downloads_Job Portal_Job-Portal] INFO  o.eclipse.m2e.core.internal.Bundles - 	Entry: C:\Users\Amit\Desktop\spring-tool-suite-4-4.27.0.RELEASE-e4.34.0-win32.win32.x86_64\sts-4.27.0.RELEASE\plugins\org.eclipse.m2e.maven.runtime_3.9.900.20240824-1409\jars\plexus-utils-3.5.1.jar
2025-02-02 09:38:38,509 [Worker-1: Launching Executing verify in C__Users_Amit_Downloads_Job Portal_Job-Portal] INFO  o.eclipse.m2e.core.internal.Bundles - 	Entry: C:\Users\Amit\Desktop\spring-tool-suite-4-4.27.0.RELEASE-e4.34.0-win32.win32.x86_64\sts-4.27.0.RELEASE\plugins\org.eclipse.m2e.maven.runtime_3.9.900.20240824-1409\jars\plexus-xml-3.0.1.jar
2025-02-02 09:38:38,509 [Worker-1: Launching Executing verify in C__Users_Amit_Downloads_Job Portal_Job-Portal] INFO  o.eclipse.m2e.core.internal.Bundles - 	Entry: C:\Users\Amit\Desktop\spring-tool-suite-4-4.27.0.RELEASE-e4.34.0-win32.win32.x86_64\sts-4.27.0.RELEASE\plugins\org.eclipse.m2e.maven.runtime_3.9.900.20240824-1409\jars\wagon-file-3.5.3.jar
2025-02-02 09:38:38,509 [Worker-1: Launching Executing verify in C__Users_Amit_Downloads_Job Portal_Job-Portal] INFO  o.eclipse.m2e.core.internal.Bundles - 	Entry: C:\Users\Amit\Desktop\spring-tool-suite-4-4.27.0.RELEASE-e4.34.0-win32.win32.x86_64\sts-4.27.0.RELEASE\plugins\org.eclipse.m2e.maven.runtime_3.9.900.20240824-1409\jars\wagon-http-3.5.3.jar
2025-02-02 09:38:38,509 [Worker-1: Launching Executing verify in C__Users_Amit_Downloads_Job Portal_Job-Portal] INFO  o.eclipse.m2e.core.internal.Bundles - 	Entry: C:\Users\Amit\Desktop\spring-tool-suite-4-4.27.0.RELEASE-e4.34.0-win32.win32.x86_64\sts-4.27.0.RELEASE\plugins\org.eclipse.m2e.maven.runtime_3.9.900.20240824-1409\jars\wagon-http-shared-3.5.3.jar
2025-02-02 09:38:38,509 [Worker-1: Launching Executing verify in C__Users_Amit_Downloads_Job Portal_Job-Portal] INFO  o.eclipse.m2e.core.internal.Bundles - 	Entry: C:\Users\Amit\Desktop\spring-tool-suite-4-4.27.0.RELEASE-e4.34.0-win32.win32.x86_64\sts-4.27.0.RELEASE\plugins\org.eclipse.m2e.maven.runtime_3.9.900.20240824-1409\jars\wagon-provider-api-3.5.3.jar
2025-02-02 09:38:38,511 [Worker-1: Launching Executing verify in C__Users_Amit_Downloads_Job Portal_Job-Portal] INFO  o.eclipse.m2e.core.internal.Bundles - getClasspathEntries(Bundle=com.google.guava_33.3.1.jre [29])
2025-02-02 09:38:38,512 [Worker-1: Launching Executing verify in C__Users_Amit_Downloads_Job Portal_Job-Portal] INFO  o.eclipse.m2e.core.internal.Bundles - 	Entry: C:\Users\Amit\Desktop\spring-tool-suite-4-4.27.0.RELEASE-e4.34.0-win32.win32.x86_64\sts-4.27.0.RELEASE\plugins\com.google.guava_33.3.1.jre.jar
2025-02-02 09:38:38,512 [Worker-1: Launching Executing verify in C__Users_Amit_Downloads_Job Portal_Job-Portal] INFO  o.eclipse.m2e.core.internal.Bundles - getClasspathEntries(Bundle=slf4j.api_2.0.16 [615])
2025-02-02 09:38:38,512 [Worker-1: Launching Executing verify in C__Users_Amit_Downloads_Job Portal_Job-Portal] INFO  o.eclipse.m2e.core.internal.Bundles - 	Entry: C:\Users\Amit\Desktop\spring-tool-suite-4-4.27.0.RELEASE-e4.34.0-win32.win32.x86_64\sts-4.27.0.RELEASE\plugins\slf4j.api_2.0.16.jar
2025-02-02 09:38:38,512 [Worker-1: Launching Executing verify in C__Users_Amit_Downloads_Job Portal_Job-Portal] INFO  o.eclipse.m2e.core.internal.Bundles - getClasspathEntries(Bundle=jakarta.inject.jakarta.inject-api_1.0.5 [45])
2025-02-02 09:38:38,513 [Worker-1: Launching Executing verify in C__Users_Amit_Downloads_Job Portal_Job-Portal] INFO  o.eclipse.m2e.core.internal.Bundles - 	Entry: C:\Users\Amit\Desktop\spring-tool-suite-4-4.27.0.RELEASE-e4.34.0-win32.win32.x86_64\sts-4.27.0.RELEASE\plugins\jakarta.inject.jakarta.inject-api_1.0.5.jar
2025-02-02 09:38:38,513 [Worker-1: Launching Executing verify in C__Users_Amit_Downloads_Job Portal_Job-Portal] INFO  o.eclipse.m2e.core.internal.Bundles - getClasspathEntries(Bundle=jakarta.annotation-api_1.3.5 [41])
2025-02-02 09:38:38,513 [Worker-1: Launching Executing verify in C__Users_Amit_Downloads_Job Portal_Job-Portal] INFO  o.eclipse.m2e.core.internal.Bundles - 	Entry: C:\Users\Amit\Desktop\spring-tool-suite-4-4.27.0.RELEASE-e4.34.0-win32.win32.x86_64\sts-4.27.0.RELEASE\plugins\jakarta.annotation-api_1.3.5.jar
2025-02-02 09:38:38,513 [Worker-1: Launching Executing verify in C__Users_Amit_Downloads_Job Portal_Job-Portal] INFO  o.eclipse.m2e.core.internal.Bundles - getClasspathEntries(Bundle=org.apache.commons.cli_1.9.0 [78])
2025-02-02 09:38:38,513 [Worker-1: Launching Executing verify in C__Users_Amit_Downloads_Job Portal_Job-Portal] INFO  o.eclipse.m2e.core.internal.Bundles - 	Entry: C:\Users\Amit\Desktop\spring-tool-suite-4-4.27.0.RELEASE-e4.34.0-win32.win32.x86_64\sts-4.27.0.RELEASE\plugins\org.apache.commons.cli_1.9.0.jar
2025-02-02 09:38:38,513 [Worker-1: Launching Executing verify in C__Users_Amit_Downloads_Job Portal_Job-Portal] INFO  o.eclipse.m2e.core.internal.Bundles - getClasspathEntries(Bundle=org.apache.commons.commons-codec_1.16.0 [81])
2025-02-02 09:38:38,514 [Worker-1: Launching Executing verify in C__Users_Amit_Downloads_Job Portal_Job-Portal] INFO  o.eclipse.m2e.core.internal.Bundles - 	Entry: C:\Users\Amit\Desktop\spring-tool-suite-4-4.27.0.RELEASE-e4.34.0-win32.win32.x86_64\sts-4.27.0.RELEASE\plugins\org.apache.commons.commons-codec_1.16.0.jar
2025-02-02 09:38:38,514 [Worker-1: Launching Executing verify in C__Users_Amit_Downloads_Job Portal_Job-Portal] INFO  o.eclipse.m2e.core.internal.Bundles - getClasspathEntries(Bundle=com.google.guava.failureaccess_1.0.2 [30])
2025-02-02 09:38:38,514 [Worker-1: Launching Executing verify in C__Users_Amit_Downloads_Job Portal_Job-Portal] INFO  o.eclipse.m2e.core.internal.Bundles - 	Entry: C:\Users\Amit\Desktop\spring-tool-suite-4-4.27.0.RELEASE-e4.34.0-win32.win32.x86_64\sts-4.27.0.RELEASE\plugins\com.google.guava.failureaccess_1.0.2.jar
2025-02-02 09:38:38,518 [Worker-1: Launching Executing verify in C__Users_Amit_Downloads_Job Portal_Job-Portal] INFO  o.e.m.i.launch.MavenLaunchDelegate - Run build in "C:\Users\Amit\Downloads\Job Portal\Job-Portal":
2025-02-02 09:38:38,520 [Worker-1: Launching Executing verify in C__Users_Amit_Downloads_Job Portal_Job-Portal] INFO  o.e.m.i.launch.MavenLaunchDelegate -  mvn  -B -Dstyle.color=always verify
2025-02-02 09:38:52,157 [Worker-5: Launching Job-Portal - JobPortalApplication] INFO  o.a.m.s.f.DefaultMavenResourcesFiltering - Copying 1 resource from src\main\resources to target\classes
2025-02-02 09:38:52,172 [Worker-5: Launching Job-Portal - JobPortalApplication] INFO  o.a.m.s.f.DefaultMavenResourcesFiltering - Copying 1 resource from src\main\resources to target\classes
2025-02-02 09:38:52,177 [Worker-5: Launching Job-Portal - JobPortalApplication] INFO  o.a.m.s.f.DefaultMavenResourcesFiltering - skip non existing resourceDirectory C:\Users\Amit\Downloads\Job Portal\Job-Portal\src\test\resources
2025-02-02 09:39:32,794 [Worker-4: Building] INFO  o.a.m.s.f.DefaultMavenResourcesFiltering - Copying 1 resource from src\main\resources to target\classes
2025-02-02 09:39:32,800 [Worker-4: Building] INFO  o.a.m.s.f.DefaultMavenResourcesFiltering - Copying 1 resource from src\main\resources to target\classes
2025-02-02 09:39:32,803 [Worker-4: Building] INFO  o.a.m.s.f.DefaultMavenResourcesFiltering - skip non existing resourceDirectory C:\Users\Amit\Downloads\Job Portal\Job-Portal\src\test\resources
2025-02-02 09:40:13,968 [Worker-2: Building] INFO  o.a.m.s.f.DefaultMavenResourcesFiltering - Copying 1 resource from src\main\resources to target\classes
2025-02-02 09:40:13,973 [Worker-2: Building] INFO  o.a.m.s.f.DefaultMavenResourcesFiltering - Copying 1 resource from src\main\resources to target\classes
2025-02-02 09:40:13,976 [Worker-2: Building] INFO  o.a.m.s.f.DefaultMavenResourcesFiltering - skip non existing resourceDirectory C:\Users\Amit\Downloads\Job Portal\Job-Portal\src\test\resources
2025-02-02 09:43:52,247 [Worker-0: Building] INFO  o.a.m.s.f.DefaultMavenResourcesFiltering - Copying 1 resource from src\main\resources to target\classes
2025-02-02 09:43:52,252 [Worker-0: Building] INFO  o.a.m.s.f.DefaultMavenResourcesFiltering - Copying 1 resource from src\main\resources to target\classes
2025-02-02 09:43:52,257 [Worker-0: Building] INFO  o.a.m.s.f.DefaultMavenResourcesFiltering - skip non existing resourceDirectory C:\Users\Amit\Downloads\Job Portal\Job-Portal\src\test\resources
2025-02-02 09:45:04,599 [Worker-2: Launching Job-Portal - JobPortalApplication] INFO  o.a.m.s.f.DefaultMavenResourcesFiltering - Copying 1 resource from src\main\resources to target\classes
2025-02-02 09:45:04,612 [Worker-2: Launching Job-Portal - JobPortalApplication] INFO  o.a.m.s.f.DefaultMavenResourcesFiltering - Copying 1 resource from src\main\resources to target\classes
2025-02-02 09:45:04,622 [Worker-2: Launching Job-Portal - JobPortalApplication] INFO  o.a.m.s.f.DefaultMavenResourcesFiltering - skip non existing resourceDirectory C:\Users\Amit\Downloads\Job Portal\Job-Portal\src\test\resources
2025-02-02 09:46:11,164 [Worker-0: Building] INFO  o.a.m.s.f.DefaultMavenResourcesFiltering - Copying 1 resource from src\main\resources to target\classes
2025-02-02 09:46:11,192 [Worker-0: Building] INFO  o.a.m.s.f.DefaultMavenResourcesFiltering - Copying 1 resource from src\main\resources to target\classes
2025-02-02 09:46:11,200 [Worker-0: Building] INFO  o.a.m.s.f.DefaultMavenResourcesFiltering - skip non existing resourceDirectory C:\Users\Amit\Downloads\Job Portal\Job-Portal\src\test\resources
2025-02-02 09:47:24,889 [Worker-0: Building] INFO  o.a.m.s.f.DefaultMavenResourcesFiltering - Copying 1 resource from src\main\resources to target\classes
2025-02-02 09:47:24,905 [Worker-0: Building] INFO  o.a.m.s.f.DefaultMavenResourcesFiltering - Copying 1 resource from src\main\resources to target\classes
2025-02-02 09:47:24,912 [Worker-0: Building] INFO  o.a.m.s.f.DefaultMavenResourcesFiltering - skip non existing resourceDirectory C:\Users\Amit\Downloads\Job Portal\Job-Portal\src\test\resources
2025-02-02 09:47:36,043 [Worker-2: Launching Job-Portal - JobPortalApplication] INFO  o.a.m.s.f.DefaultMavenResourcesFiltering - Copying 1 resource from src\main\resources to target\classes
2025-02-02 09:47:36,053 [Worker-2: Launching Job-Portal - JobPortalApplication] INFO  o.a.m.s.f.DefaultMavenResourcesFiltering - Copying 1 resource from src\main\resources to target\classes
2025-02-02 09:47:36,061 [Worker-2: Launching Job-Portal - JobPortalApplication] INFO  o.a.m.s.f.DefaultMavenResourcesFiltering - skip non existing resourceDirectory C:\Users\Amit\Downloads\Job Portal\Job-Portal\src\test\resources
2025-02-02 09:54:11,271 [Worker-4: Launching Job-Portal - JobPortalApplication] INFO  o.a.m.s.f.DefaultMavenResourcesFiltering - Copying 1 resource from src\main\resources to target\classes
2025-02-02 09:54:11,288 [Worker-4: Launching Job-Portal - JobPortalApplication] INFO  o.a.m.s.f.DefaultMavenResourcesFiltering - Copying 1 resource from src\main\resources to target\classes
2025-02-02 09:54:11,294 [Worker-4: Launching Job-Portal - JobPortalApplication] INFO  o.a.m.s.f.DefaultMavenResourcesFiltering - skip non existing resourceDirectory C:\Users\Amit\Downloads\Job Portal\Job-Portal\src\test\resources
2025-02-02 09:56:06,442 [Worker-6: Building] INFO  o.a.m.s.f.DefaultMavenResourcesFiltering - Copying 1 resource from src\main\resources to target\classes
2025-02-02 09:56:06,451 [Worker-6: Building] INFO  o.a.m.s.f.DefaultMavenResourcesFiltering - Copying 1 resource from src\main\resources to target\classes
2025-02-02 09:56:06,456 [Worker-6: Building] INFO  o.a.m.s.f.DefaultMavenResourcesFiltering - skip non existing resourceDirectory C:\Users\Amit\Downloads\Job Portal\Job-Portal\src\test\resources
2025-02-02 09:56:54,103 [Worker-8: Launching Job-Portal - JobPortalApplication] INFO  o.a.m.s.f.DefaultMavenResourcesFiltering - Copying 1 resource from src\main\resources to target\classes
2025-02-02 09:56:54,109 [Worker-8: Launching Job-Portal - JobPortalApplication] INFO  o.a.m.s.f.DefaultMavenResourcesFiltering - Copying 1 resource from src\main\resources to target\classes
2025-02-02 09:56:54,113 [Worker-8: Launching Job-Portal - JobPortalApplication] INFO  o.a.m.s.f.DefaultMavenResourcesFiltering - skip non existing resourceDirectory C:\Users\Amit\Downloads\Job Portal\Job-Portal\src\test\resources
2025-02-02 09:59:03,259 [Worker-2: Building] INFO  o.a.m.s.f.DefaultMavenResourcesFiltering - Copying 1 resource from src\main\resources to target\classes
2025-02-02 09:59:03,263 [Worker-2: Building] INFO  o.a.m.s.f.DefaultMavenResourcesFiltering - Copying 1 resource from src\main\resources to target\classes
2025-02-02 09:59:03,266 [Worker-2: Building] INFO  o.a.m.s.f.DefaultMavenResourcesFiltering - skip non existing resourceDirectory C:\Users\Amit\Downloads\Job Portal\Job-Portal\src\test\resources
2025-02-02 10:00:13,092 [Worker-4: Building] INFO  o.a.m.s.f.DefaultMavenResourcesFiltering - Copying 1 resource from src\main\resources to target\classes
2025-02-02 10:00:13,109 [Worker-4: Building] INFO  o.a.m.s.f.DefaultMavenResourcesFiltering - Copying 1 resource from src\main\resources to target\classes
2025-02-02 10:00:13,116 [Worker-4: Building] INFO  o.a.m.s.f.DefaultMavenResourcesFiltering - skip non existing resourceDirectory C:\Users\Amit\Downloads\Job Portal\Job-Portal\src\test\resources
2025-02-02 10:01:58,213 [Worker-3: Launching Job-Portal - JobPortalApplication] INFO  o.a.m.s.f.DefaultMavenResourcesFiltering - Copying 1 resource from src\main\resources to target\classes
2025-02-02 10:01:58,220 [Worker-3: Launching Job-Portal - JobPortalApplication] INFO  o.a.m.s.f.DefaultMavenResourcesFiltering - Copying 1 resource from src\main\resources to target\classes
2025-02-02 10:01:58,224 [Worker-3: Launching Job-Portal - JobPortalApplication] INFO  o.a.m.s.f.DefaultMavenResourcesFiltering - skip non existing resourceDirectory C:\Users\Amit\Downloads\Job Portal\Job-Portal\src\test\resources
2025-02-02 10:22:36,842 [Worker-2: Building] INFO  o.e.m.c.i.l.LifecycleMappingFactory - Using org.eclipse.m2e.jdt.JarLifecycleMapping lifecycle mapping for MavenProject: com.jobportal:Job-Portal:0.0.1-SNAPSHOT @ C:\Users\Amit\Downloads\Job Portal\Job-Portal\pom.xml.
2025-02-02 10:22:37,674 [Worker-2: Building] INFO  o.e.m.c.i.e.AbstractTransferListenerAdapter - Downloading https://repo.maven.apache.org/maven2/org/springframework/boot/spring-boot-starter-security/3.4.2/spring-boot-starter-security-3.4.2.pom
2025-02-02 10:22:37,722 [Worker-2: Building] INFO  o.e.m.c.i.e.AbstractTransferListenerAdapter - Downloaded https://repo.maven.apache.org/maven2/org/springframework/boot/spring-boot-starter-security/3.4.2/spring-boot-starter-security-3.4.2.pom
2025-02-02 10:22:37,744 [Worker-2: Building] INFO  o.e.m.c.i.e.AbstractTransferListenerAdapter - Downloading https://repo.maven.apache.org/maven2/org/springframework/security/spring-security-config/6.4.2/spring-security-config-6.4.2.pom
2025-02-02 10:22:37,778 [Worker-2: Building] INFO  o.e.m.c.i.e.AbstractTransferListenerAdapter - Downloaded https://repo.maven.apache.org/maven2/org/springframework/security/spring-security-config/6.4.2/spring-security-config-6.4.2.pom
2025-02-02 10:22:37,800 [Worker-2: Building] INFO  o.e.m.c.i.e.AbstractTransferListenerAdapter - Downloading https://repo.maven.apache.org/maven2/org/springframework/security/spring-security-core/6.4.2/spring-security-core-6.4.2.pom
2025-02-02 10:22:37,839 [Worker-2: Building] INFO  o.e.m.c.i.e.AbstractTransferListenerAdapter - Downloaded https://repo.maven.apache.org/maven2/org/springframework/security/spring-security-core/6.4.2/spring-security-core-6.4.2.pom
2025-02-02 10:22:37,859 [Worker-2: Building] INFO  o.e.m.c.i.e.AbstractTransferListenerAdapter - Downloading https://repo.maven.apache.org/maven2/org/springframework/security/spring-security-crypto/6.4.2/spring-security-crypto-6.4.2.pom
2025-02-02 10:22:37,883 [Worker-2: Building] INFO  o.e.m.c.i.e.AbstractTransferListenerAdapter - Downloaded https://repo.maven.apache.org/maven2/org/springframework/security/spring-security-crypto/6.4.2/spring-security-crypto-6.4.2.pom
2025-02-02 10:22:37,904 [Worker-2: Building] INFO  o.e.m.c.i.e.AbstractTransferListenerAdapter - Downloading https://repo.maven.apache.org/maven2/org/springframework/security/spring-security-web/6.4.2/spring-security-web-6.4.2.pom
2025-02-02 10:22:37,927 [Worker-2: Building] INFO  o.e.m.c.i.e.AbstractTransferListenerAdapter - Downloaded https://repo.maven.apache.org/maven2/org/springframework/security/spring-security-web/6.4.2/spring-security-web-6.4.2.pom
2025-02-02 10:22:38,210 [Worker-2: Building] INFO  o.e.m.c.i.e.AbstractTransferListenerAdapter - Downloading https://repo.maven.apache.org/maven2/org/springframework/boot/spring-boot-starter-security/3.4.2/spring-boot-starter-security-3.4.2.jar
2025-02-02 10:22:38,266 [Worker-2: Building] INFO  o.e.m.c.i.e.AbstractTransferListenerAdapter - Downloaded https://repo.maven.apache.org/maven2/org/springframework/boot/spring-boot-starter-security/3.4.2/spring-boot-starter-security-3.4.2.jar
2025-02-02 10:22:38,279 [BasicRepositoryConnector-repo.maven.apache.org-0-0] INFO  o.e.m.c.i.e.AbstractTransferListenerAdapter - Downloading https://repo.maven.apache.org/maven2/org/springframework/security/spring-security-config/6.4.2/spring-security-config-6.4.2.jar
2025-02-02 10:22:38,305 [BasicRepositoryConnector-repo.maven.apache.org-0-1] INFO  o.e.m.c.i.e.AbstractTransferListenerAdapter - Downloading https://repo.maven.apache.org/maven2/org/springframework/security/spring-security-core/6.4.2/spring-security-core-6.4.2.jar
2025-02-02 10:22:38,323 [BasicRepositoryConnector-repo.maven.apache.org-0-2] INFO  o.e.m.c.i.e.AbstractTransferListenerAdapter - Downloading https://repo.maven.apache.org/maven2/org/springframework/security/spring-security-crypto/6.4.2/spring-security-crypto-6.4.2.jar
2025-02-02 10:22:38,332 [BasicRepositoryConnector-repo.maven.apache.org-0-3] INFO  o.e.m.c.i.e.AbstractTransferListenerAdapter - Downloading https://repo.maven.apache.org/maven2/org/springframework/security/spring-security-web/6.4.2/spring-security-web-6.4.2.jar
2025-02-02 10:22:38,421 [BasicRepositoryConnector-repo.maven.apache.org-0-2] INFO  o.e.m.c.i.e.AbstractTransferListenerAdapter - Downloaded https://repo.maven.apache.org/maven2/org/springframework/security/spring-security-crypto/6.4.2/spring-security-crypto-6.4.2.jar
2025-02-02 10:22:38,481 [BasicRepositoryConnector-repo.maven.apache.org-0-1] INFO  o.e.m.c.i.e.AbstractTransferListenerAdapter - Downloaded https://repo.maven.apache.org/maven2/org/springframework/security/spring-security-core/6.4.2/spring-security-core-6.4.2.jar
2025-02-02 10:22:38,506 [BasicRepositoryConnector-repo.maven.apache.org-0-3] INFO  o.e.m.c.i.e.AbstractTransferListenerAdapter - Downloaded https://repo.maven.apache.org/maven2/org/springframework/security/spring-security-web/6.4.2/spring-security-web-6.4.2.jar
2025-02-02 10:22:38,624 [BasicRepositoryConnector-repo.maven.apache.org-0-0] INFO  o.e.m.c.i.e.AbstractTransferListenerAdapter - Downloaded https://repo.maven.apache.org/maven2/org/springframework/security/spring-security-config/6.4.2/spring-security-config-6.4.2.jar
2025-02-02 10:22:38,978 [Worker-2: Building] INFO  o.a.m.s.f.DefaultMavenResourcesFiltering - Copying 0 resource from src\main\resources to target\classes
2025-02-02 10:22:38,979 [Worker-2: Building] INFO  o.a.m.s.f.DefaultMavenResourcesFiltering - Copying 0 resource from src\main\resources to target\classes
2025-02-02 10:22:38,985 [Worker-2: Building] INFO  o.a.m.s.f.DefaultMavenResourcesFiltering - skip non existing resourceDirectory C:\Users\Amit\Downloads\Job Portal\Job-Portal\src\test\resources
2025-02-02 10:22:39,882 [Worker-7: Download sources and javadoc] INFO  o.e.m.c.i.e.AbstractTransferListenerAdapter - Downloading https://repo.maven.apache.org/maven2/org/springframework/boot/spring-boot-starter-security/3.4.2/spring-boot-starter-security-3.4.2-sources.jar
2025-02-02 10:22:39,902 [Worker-7: Download sources and javadoc] INFO  o.e.m.c.i.e.AbstractTransferListenerAdapter - Downloaded https://repo.maven.apache.org/maven2/org/springframework/boot/spring-boot-starter-security/3.4.2/spring-boot-starter-security-3.4.2-sources.jar
2025-02-02 10:22:39,920 [Worker-7: Download sources and javadoc] INFO  o.e.m.j.internal.DownloadSourcesJob - Downloaded sources for org.springframework.boot:spring-boot-starter-security:3.4.2
2025-02-02 10:22:39,977 [Worker-7: Download sources and javadoc] INFO  o.e.m.c.i.e.AbstractTransferListenerAdapter - Downloading https://repo.maven.apache.org/maven2/org/springframework/security/spring-security-config/6.4.2/spring-security-config-6.4.2-sources.jar
2025-02-02 10:22:40,135 [Worker-7: Download sources and javadoc] INFO  o.e.m.c.i.e.AbstractTransferListenerAdapter - Downloaded https://repo.maven.apache.org/maven2/org/springframework/security/spring-security-config/6.4.2/spring-security-config-6.4.2-sources.jar
2025-02-02 10:22:40,149 [Worker-7: Download sources and javadoc] INFO  o.e.m.j.internal.DownloadSourcesJob - Downloaded sources for org.springframework.security:spring-security-config:6.4.2
2025-02-02 10:22:40,221 [Worker-7: Download sources and javadoc] INFO  o.e.m.c.i.e.AbstractTransferListenerAdapter - Downloading https://repo.maven.apache.org/maven2/org/springframework/security/spring-security-core/6.4.2/spring-security-core-6.4.2-sources.jar
2025-02-02 10:22:40,346 [Worker-7: Download sources and javadoc] INFO  o.e.m.c.i.e.AbstractTransferListenerAdapter - Downloaded https://repo.maven.apache.org/maven2/org/springframework/security/spring-security-core/6.4.2/spring-security-core-6.4.2-sources.jar
2025-02-02 10:22:40,359 [Worker-7: Download sources and javadoc] INFO  o.e.m.j.internal.DownloadSourcesJob - Downloaded sources for org.springframework.security:spring-security-core:6.4.2
2025-02-02 10:22:40,462 [Worker-7: Download sources and javadoc] INFO  o.e.m.c.i.e.AbstractTransferListenerAdapter - Downloading https://repo.maven.apache.org/maven2/org/springframework/security/spring-security-crypto/6.4.2/spring-security-crypto-6.4.2-sources.jar
2025-02-02 10:22:40,540 [Worker-3: Building] INFO  o.a.m.s.f.DefaultMavenResourcesFiltering - Copying 1 resource from src\main\resources to target\classes
2025-02-02 10:22:40,574 [Worker-3: Building] INFO  o.a.m.s.f.DefaultMavenResourcesFiltering - Copying 1 resource from src\main\resources to target\classes
2025-02-02 10:22:40,592 [Worker-3: Building] INFO  o.a.m.s.f.DefaultMavenResourcesFiltering - skip non existing resourceDirectory C:\Users\Amit\Downloads\Job Portal\Job-Portal\src\test\resources
2025-02-02 10:22:40,604 [Worker-7: Download sources and javadoc] INFO  o.e.m.c.i.e.AbstractTransferListenerAdapter - Downloaded https://repo.maven.apache.org/maven2/org/springframework/security/spring-security-crypto/6.4.2/spring-security-crypto-6.4.2-sources.jar
2025-02-02 10:22:40,617 [Worker-7: Download sources and javadoc] INFO  o.e.m.j.internal.DownloadSourcesJob - Downloaded sources for org.springframework.security:spring-security-crypto:6.4.2
2025-02-02 10:22:40,679 [Worker-7: Download sources and javadoc] INFO  o.e.m.c.i.e.AbstractTransferListenerAdapter - Downloading https://repo.maven.apache.org/maven2/org/springframework/security/spring-security-web/6.4.2/spring-security-web-6.4.2-sources.jar
2025-02-02 10:22:40,802 [Worker-7: Download sources and javadoc] INFO  o.e.m.c.i.e.AbstractTransferListenerAdapter - Downloaded https://repo.maven.apache.org/maven2/org/springframework/security/spring-security-web/6.4.2/spring-security-web-6.4.2-sources.jar
2025-02-02 10:22:40,814 [Worker-7: Download sources and javadoc] INFO  o.e.m.j.internal.DownloadSourcesJob - Downloaded sources for org.springframework.security:spring-security-web:6.4.2
2025-02-02 10:25:09,838 [Worker-1: Building] INFO  o.a.m.s.f.DefaultMavenResourcesFiltering - Copying 1 resource from src\main\resources to target\classes
2025-02-02 10:25:09,846 [Worker-1: Building] INFO  o.a.m.s.f.DefaultMavenResourcesFiltering - Copying 1 resource from src\main\resources to target\classes
2025-02-02 10:25:09,853 [Worker-1: Building] INFO  o.a.m.s.f.DefaultMavenResourcesFiltering - skip non existing resourceDirectory C:\Users\Amit\Downloads\Job Portal\Job-Portal\src\test\resources
2025-02-02 10:27:33,721 [Worker-1: Building] INFO  o.a.m.s.f.DefaultMavenResourcesFiltering - Copying 1 resource from src\main\resources to target\classes
2025-02-02 10:27:33,728 [Worker-1: Building] INFO  o.a.m.s.f.DefaultMavenResourcesFiltering - Copying 1 resource from src\main\resources to target\classes
2025-02-02 10:27:33,733 [Worker-1: Building] INFO  o.a.m.s.f.DefaultMavenResourcesFiltering - skip non existing resourceDirectory C:\Users\Amit\Downloads\Job Portal\Job-Portal\src\test\resources
2025-02-02 10:28:13,344 [Worker-1: Building] INFO  o.a.m.s.f.DefaultMavenResourcesFiltering - Copying 1 resource from src\main\resources to target\classes
2025-02-02 10:28:13,349 [Worker-1: Building] INFO  o.a.m.s.f.DefaultMavenResourcesFiltering - Copying 1 resource from src\main\resources to target\classes
2025-02-02 10:28:13,353 [Worker-1: Building] INFO  o.a.m.s.f.DefaultMavenResourcesFiltering - skip non existing resourceDirectory C:\Users\Amit\Downloads\Job Portal\Job-Portal\src\test\resources
2025-02-02 10:37:39,086 [Worker-2: Building] INFO  o.a.m.s.f.DefaultMavenResourcesFiltering - Copying 1 resource from src\main\resources to target\classes
2025-02-02 10:37:39,097 [Worker-2: Building] INFO  o.a.m.s.f.DefaultMavenResourcesFiltering - Copying 1 resource from src\main\resources to target\classes
2025-02-02 10:37:39,102 [Worker-2: Building] INFO  o.a.m.s.f.DefaultMavenResourcesFiltering - skip non existing resourceDirectory C:\Users\Amit\Downloads\Job Portal\Job-Portal\src\test\resources
2025-02-02 10:45:14,959 [Worker-2: Launching Job-Portal - JobPortalApplication] INFO  o.a.m.s.f.DefaultMavenResourcesFiltering - Copying 1 resource from src\main\resources to target\classes
2025-02-02 10:45:14,970 [Worker-2: Launching Job-Portal - JobPortalApplication] INFO  o.a.m.s.f.DefaultMavenResourcesFiltering - Copying 1 resource from src\main\resources to target\classes
2025-02-02 10:45:14,976 [Worker-2: Launching Job-Portal - JobPortalApplication] INFO  o.a.m.s.f.DefaultMavenResourcesFiltering - skip non existing resourceDirectory C:\Users\Amit\Downloads\Job Portal\Job-Portal\src\test\resources
2025-02-02 10:51:21,372 [Worker-8: Launching Job-Portal - JobPortalApplication] INFO  o.a.m.s.f.DefaultMavenResourcesFiltering - Copying 1 resource from src\main\resources to target\classes
2025-02-02 10:51:21,382 [Worker-8: Launching Job-Portal - JobPortalApplication] INFO  o.a.m.s.f.DefaultMavenResourcesFiltering - Copying 1 resource from src\main\resources to target\classes
2025-02-02 10:51:21,386 [Worker-8: Launching Job-Portal - JobPortalApplication] INFO  o.a.m.s.f.DefaultMavenResourcesFiltering - skip non existing resourceDirectory C:\Users\Amit\Downloads\Job Portal\Job-Portal\src\test\resources
2025-02-02 10:54:09,301 [Worker-1: Building] INFO  o.a.m.s.f.DefaultMavenResourcesFiltering - Copying 1 resource from src\main\resources to target\classes
2025-02-02 10:54:09,307 [Worker-1: Building] INFO  o.a.m.s.f.DefaultMavenResourcesFiltering - Copying 1 resource from src\main\resources to target\classes
2025-02-02 10:54:09,312 [Worker-1: Building] INFO  o.a.m.s.f.DefaultMavenResourcesFiltering - skip non existing resourceDirectory C:\Users\Amit\Downloads\Job Portal\Job-Portal\src\test\resources
2025-02-02 10:59:21,155 [Worker-4: Building] INFO  o.a.m.s.f.DefaultMavenResourcesFiltering - Copying 1 resource from src\main\resources to target\classes
2025-02-02 10:59:21,184 [Worker-4: Building] INFO  o.a.m.s.f.DefaultMavenResourcesFiltering - Copying 0 resource from src\main\resources to target\classes
2025-02-02 10:59:21,188 [Worker-4: Building] INFO  o.a.m.s.f.DefaultMavenResourcesFiltering - skip non existing resourceDirectory C:\Users\Amit\Downloads\Job Portal\Job-Portal\src\test\resources
2025-02-02 11:01:57,577 [Worker-7: Building] INFO  o.a.m.s.f.DefaultMavenResourcesFiltering - Copying 1 resource from src\main\resources to target\classes
2025-02-02 11:01:57,585 [Worker-7: Building] INFO  o.a.m.s.f.DefaultMavenResourcesFiltering - Copying 1 resource from src\main\resources to target\classes
2025-02-02 11:01:57,590 [Worker-7: Building] INFO  o.a.m.s.f.DefaultMavenResourcesFiltering - skip non existing resourceDirectory C:\Users\Amit\Downloads\Job Portal\Job-Portal\src\test\resources
2025-02-02 11:02:09,717 [Worker-1: Launching Job-Portal - JobPortalApplication] INFO  o.a.m.s.f.DefaultMavenResourcesFiltering - Copying 1 resource from src\main\resources to target\classes
2025-02-02 11:02:09,724 [Worker-1: Launching Job-Portal - JobPortalApplication] INFO  o.a.m.s.f.DefaultMavenResourcesFiltering - Copying 1 resource from src\main\resources to target\classes
2025-02-02 11:02:09,731 [Worker-1: Launching Job-Portal - JobPortalApplication] INFO  o.a.m.s.f.DefaultMavenResourcesFiltering - skip non existing resourceDirectory C:\Users\Amit\Downloads\Job Portal\Job-Portal\src\test\resources
2025-02-02 11:04:13,002 [Worker-2: Launching Job-Portal - JobPortalApplication] INFO  o.a.m.s.f.DefaultMavenResourcesFiltering - Copying 1 resource from src\main\resources to target\classes
2025-02-02 11:04:13,027 [Worker-2: Launching Job-Portal - JobPortalApplication] INFO  o.a.m.s.f.DefaultMavenResourcesFiltering - Copying 1 resource from src\main\resources to target\classes
2025-02-02 11:04:13,031 [Worker-2: Launching Job-Portal - JobPortalApplication] INFO  o.a.m.s.f.DefaultMavenResourcesFiltering - skip non existing resourceDirectory C:\Users\Amit\Downloads\Job Portal\Job-Portal\src\test\resources
2025-02-02 11:09:28,620 [Worker-0: Building] INFO  o.a.m.s.f.DefaultMavenResourcesFiltering - Copying 1 resource from src\main\resources to target\classes
2025-02-02 11:09:28,633 [Worker-0: Building] INFO  o.a.m.s.f.DefaultMavenResourcesFiltering - Copying 1 resource from src\main\resources to target\classes
2025-02-02 11:09:28,641 [Worker-0: Building] INFO  o.a.m.s.f.DefaultMavenResourcesFiltering - skip non existing resourceDirectory C:\Users\Amit\Downloads\Job Portal\Job-Portal\src\test\resources
2025-02-02 11:21:38,436 [Worker-5: Building] INFO  o.a.m.s.f.DefaultMavenResourcesFiltering - Copying 1 resource from src\main\resources to target\classes
2025-02-02 11:21:38,446 [Worker-5: Building] INFO  o.a.m.s.f.DefaultMavenResourcesFiltering - Copying 0 resource from src\main\resources to target\classes
2025-02-02 11:21:38,450 [Worker-5: Building] INFO  o.a.m.s.f.DefaultMavenResourcesFiltering - skip non existing resourceDirectory C:\Users\Amit\Downloads\Job Portal\Job-Portal\src\test\resources
2025-02-02 11:26:49,819 [Worker-6: Launching Job-Portal - JobPortalApplication] INFO  o.a.m.s.f.DefaultMavenResourcesFiltering - Copying 1 resource from src\main\resources to target\classes
2025-02-02 11:26:49,831 [Worker-6: Launching Job-Portal - JobPortalApplication] INFO  o.a.m.s.f.DefaultMavenResourcesFiltering - Copying 1 resource from src\main\resources to target\classes
2025-02-02 11:26:49,856 [Worker-6: Launching Job-Portal - JobPortalApplication] INFO  o.a.m.s.f.DefaultMavenResourcesFiltering - skip non existing resourceDirectory C:\Users\Amit\Downloads\Job Portal\Job-Portal\src\test\resources
2025-02-02 11:39:40,069 [Worker-2: Launching Job-Portal - JobPortalApplication] INFO  o.a.m.s.f.DefaultMavenResourcesFiltering - Copying 1 resource from src\main\resources to target\classes
2025-02-02 11:39:40,075 [Worker-2: Launching Job-Portal - JobPortalApplication] INFO  o.a.m.s.f.DefaultMavenResourcesFiltering - Copying 1 resource from src\main\resources to target\classes
2025-02-02 11:39:40,077 [Worker-2: Launching Job-Portal - JobPortalApplication] INFO  o.a.m.s.f.DefaultMavenResourcesFiltering - skip non existing resourceDirectory C:\Users\Amit\Downloads\Job Portal\Job-Portal\src\test\resources
2025-02-02 11:41:42,497 [Worker-8: Launching Job-Portal - JobPortalApplication] INFO  o.a.m.s.f.DefaultMavenResourcesFiltering - Copying 1 resource from src\main\resources to target\classes
2025-02-02 11:41:42,506 [Worker-8: Launching Job-Portal - JobPortalApplication] INFO  o.a.m.s.f.DefaultMavenResourcesFiltering - Copying 1 resource from src\main\resources to target\classes
2025-02-02 11:41:42,510 [Worker-8: Launching Job-Portal - JobPortalApplication] INFO  o.a.m.s.f.DefaultMavenResourcesFiltering - skip non existing resourceDirectory C:\Users\Amit\Downloads\Job Portal\Job-Portal\src\test\resources
2025-02-02 11:47:03,472 [Worker-7: Launching Job-Portal - JobPortalApplication] INFO  o.a.m.s.f.DefaultMavenResourcesFiltering - Copying 1 resource from src\main\resources to target\classes
2025-02-02 11:47:03,485 [Worker-7: Launching Job-Portal - JobPortalApplication] INFO  o.a.m.s.f.DefaultMavenResourcesFiltering - Copying 1 resource from src\main\resources to target\classes
2025-02-02 11:47:03,488 [Worker-7: Launching Job-Portal - JobPortalApplication] INFO  o.a.m.s.f.DefaultMavenResourcesFiltering - skip non existing resourceDirectory C:\Users\Amit\Downloads\Job Portal\Job-Portal\src\test\resources
2025-02-02 12:55:12,800 [Worker-7: Launching Job-Portal - JobPortalApplication] INFO  o.a.m.s.f.DefaultMavenResourcesFiltering - Copying 1 resource from src\main\resources to target\classes
2025-02-02 12:55:12,817 [Worker-7: Launching Job-Portal - JobPortalApplication] INFO  o.a.m.s.f.DefaultMavenResourcesFiltering - Copying 1 resource from src\main\resources to target\classes
2025-02-02 12:55:12,822 [Worker-7: Launching Job-Portal - JobPortalApplication] INFO  o.a.m.s.f.DefaultMavenResourcesFiltering - skip non existing resourceDirectory C:\Users\Amit\Downloads\Job Portal\Job-Portal\src\test\resources
2025-02-02 13:00:06,393 [Worker-0: Launching Job-Portal - JobPortalApplication] INFO  o.a.m.s.f.DefaultMavenResourcesFiltering - Copying 1 resource from src\main\resources to target\classes
2025-02-02 13:00:06,401 [Worker-0: Launching Job-Portal - JobPortalApplication] INFO  o.a.m.s.f.DefaultMavenResourcesFiltering - Copying 1 resource from src\main\resources to target\classes
2025-02-02 13:00:06,408 [Worker-0: Launching Job-Portal - JobPortalApplication] INFO  o.a.m.s.f.DefaultMavenResourcesFiltering - skip non existing resourceDirectory C:\Users\Amit\Downloads\Job Portal\Job-Portal\src\test\resources
2025-02-03 08:26:35,785 [Worker-4: Loading available Gradle versions] INFO  o.e.b.c.i.u.g.PublishedGradleVersions - Gradle version information cache is out-of-date. Trying to update.
2025-02-03 09:26:48,223 [Worker-8: Launching Job-Portal - JobPortalApplication] INFO  o.a.m.s.f.DefaultMavenResourcesFiltering - Copying 1 resource from src\main\resources to target\classes
2025-02-03 09:26:48,255 [Worker-8: Launching Job-Portal - JobPortalApplication] INFO  o.a.m.s.f.DefaultMavenResourcesFiltering - Copying 1 resource from src\main\resources to target\classes
2025-02-03 09:26:48,260 [Worker-8: Launching Job-Portal - JobPortalApplication] INFO  o.a.m.s.f.DefaultMavenResourcesFiltering - skip non existing resourceDirectory C:\Users\Amit\Downloads\Job Portal\Job-Portal\src\test\resources
2025-02-03 09:31:37,288 [Worker-11: Launching Job-Portal - JobPortalApplication] INFO  o.a.m.s.f.DefaultMavenResourcesFiltering - Copying 0 resource from src\main\resources to target\classes
2025-02-03 09:31:37,290 [Worker-11: Launching Job-Portal - JobPortalApplication] INFO  o.a.m.s.f.DefaultMavenResourcesFiltering - Copying 1 resource from src\main\resources to target\classes
2025-02-03 09:31:37,297 [Worker-11: Launching Job-Portal - JobPortalApplication] INFO  o.a.m.s.f.DefaultMavenResourcesFiltering - skip non existing resourceDirectory C:\Users\Amit\Downloads\Job Portal\Job-Portal\src\test\resources
2025-02-03 09:34:37,824 [Worker-10: Launching Job-Portal - JobPortalApplication] INFO  o.a.m.s.f.DefaultMavenResourcesFiltering - Copying 1 resource from src\main\resources to target\classes
2025-02-03 09:34:37,831 [Worker-10: Launching Job-Portal - JobPortalApplication] INFO  o.a.m.s.f.DefaultMavenResourcesFiltering - Copying 0 resource from src\main\resources to target\classes
2025-02-03 09:34:37,833 [Worker-10: Launching Job-Portal - JobPortalApplication] INFO  o.a.m.s.f.DefaultMavenResourcesFiltering - skip non existing resourceDirectory C:\Users\Amit\Downloads\Job Portal\Job-Portal\src\test\resources
2025-02-03 09:35:36,333 [Worker-8: Building] INFO  o.a.m.s.f.DefaultMavenResourcesFiltering - Copying 0 resource from src\main\resources to target\classes
2025-02-03 09:35:36,333 [Worker-8: Building] INFO  o.a.m.s.f.DefaultMavenResourcesFiltering - Copying 1 resource from src\main\resources to target\classes
2025-02-03 09:35:36,337 [Worker-8: Building] INFO  o.a.m.s.f.DefaultMavenResourcesFiltering - skip non existing resourceDirectory C:\Users\Amit\Downloads\Job Portal\Job-Portal\src\test\resources
2025-02-03 09:36:10,055 [Worker-9: Building] INFO  o.a.m.s.f.DefaultMavenResourcesFiltering - Copying 0 resource from src\main\resources to target\classes
2025-02-03 09:36:10,056 [Worker-9: Building] INFO  o.a.m.s.f.DefaultMavenResourcesFiltering - Copying 0 resource from src\main\resources to target\classes
2025-02-03 09:36:10,060 [Worker-9: Building] INFO  o.a.m.s.f.DefaultMavenResourcesFiltering - skip non existing resourceDirectory C:\Users\Amit\Downloads\Job Portal\Job-Portal\src\test\resources
2025-02-03 09:36:52,441 [Worker-8: Building] INFO  o.a.m.s.f.DefaultMavenResourcesFiltering - Copying 1 resource from src\main\resources to target\classes
2025-02-03 09:36:52,447 [Worker-8: Building] INFO  o.a.m.s.f.DefaultMavenResourcesFiltering - Copying 1 resource from src\main\resources to target\classes
2025-02-03 09:36:52,453 [Worker-8: Building] INFO  o.a.m.s.f.DefaultMavenResourcesFiltering - skip non existing resourceDirectory C:\Users\Amit\Downloads\Job Portal\Job-Portal\src\test\resources
2025-02-03 09:36:59,435 [Worker-10: Building] INFO  o.a.m.s.f.DefaultMavenResourcesFiltering - Copying 1 resource from src\main\resources to target\classes
2025-02-03 09:36:59,439 [Worker-10: Building] INFO  o.a.m.s.f.DefaultMavenResourcesFiltering - Copying 1 resource from src\main\resources to target\classes
2025-02-03 09:36:59,442 [Worker-10: Building] INFO  o.a.m.s.f.DefaultMavenResourcesFiltering - skip non existing resourceDirectory C:\Users\Amit\Downloads\Job Portal\Job-Portal\src\test\resources
2025-02-03 09:37:27,151 [Worker-11: Launching Job-Portal - JobPortalApplication] INFO  o.a.m.s.f.DefaultMavenResourcesFiltering - Copying 1 resource from src\main\resources to target\classes
2025-02-03 09:37:27,157 [Worker-11: Launching Job-Portal - JobPortalApplication] INFO  o.a.m.s.f.DefaultMavenResourcesFiltering - Copying 0 resource from src\main\resources to target\classes
2025-02-03 09:37:27,160 [Worker-11: Launching Job-Portal - JobPortalApplication] INFO  o.a.m.s.f.DefaultMavenResourcesFiltering - skip non existing resourceDirectory C:\Users\Amit\Downloads\Job Portal\Job-Portal\src\test\resources
2025-02-03 09:38:19,881 [Worker-11: Building] INFO  o.a.m.s.f.DefaultMavenResourcesFiltering - Copying 0 resource from src\main\resources to target\classes
2025-02-03 09:38:19,882 [Worker-11: Building] INFO  o.a.m.s.f.DefaultMavenResourcesFiltering - Copying 1 resource from src\main\resources to target\classes
2025-02-03 09:38:19,885 [Worker-11: Building] INFO  o.a.m.s.f.DefaultMavenResourcesFiltering - skip non existing resourceDirectory C:\Users\Amit\Downloads\Job Portal\Job-Portal\src\test\resources
2025-02-03 09:45:00,494 [Worker-9: Launching Job-Portal - JobPortalApplication] INFO  o.a.m.s.f.DefaultMavenResourcesFiltering - Copying 1 resource from src\main\resources to target\classes
2025-02-03 09:45:00,502 [Worker-9: Launching Job-Portal - JobPortalApplication] INFO  o.a.m.s.f.DefaultMavenResourcesFiltering - Copying 0 resource from src\main\resources to target\classes
2025-02-03 09:45:00,504 [Worker-9: Launching Job-Portal - JobPortalApplication] INFO  o.a.m.s.f.DefaultMavenResourcesFiltering - skip non existing resourceDirectory C:\Users\Amit\Downloads\Job Portal\Job-Portal\src\test\resources
2025-02-03 11:32:10,543 [Worker-10: Building] INFO  o.a.m.s.f.DefaultMavenResourcesFiltering - Copying 0 resource from src\main\resources to target\classes
2025-02-03 11:32:10,544 [Worker-10: Building] INFO  o.a.m.s.f.DefaultMavenResourcesFiltering - Copying 1 resource from src\main\resources to target\classes
2025-02-03 11:32:10,548 [Worker-10: Building] INFO  o.a.m.s.f.DefaultMavenResourcesFiltering - skip non existing resourceDirectory C:\Users\Amit\Downloads\Job Portal\Job-Portal\src\test\resources
2025-02-03 11:49:51,417 [Worker-6: Launching Job-Portal - JobPortalApplication] INFO  o.a.m.s.f.DefaultMavenResourcesFiltering - Copying 1 resource from src\main\resources to target\classes
2025-02-03 11:49:51,435 [Worker-6: Launching Job-Portal - JobPortalApplication] INFO  o.a.m.s.f.DefaultMavenResourcesFiltering - Copying 2 resources from src\main\resources to target\classes
2025-02-03 11:49:51,442 [Worker-6: Launching Job-Portal - JobPortalApplication] INFO  o.a.m.s.f.DefaultMavenResourcesFiltering - skip non existing resourceDirectory C:\Users\Amit\Downloads\Job Portal\Job-Portal\src\test\resources
2025-02-03 11:53:19,432 [Worker-11: Building] INFO  o.a.m.s.f.DefaultMavenResourcesFiltering - Copying 1 resource from src\main\resources to target\classes
2025-02-03 11:53:19,437 [Worker-11: Building] INFO  o.a.m.s.f.DefaultMavenResourcesFiltering - Copying 2 resources from src\main\resources to target\classes
2025-02-03 11:53:19,442 [Worker-11: Building] INFO  o.a.m.s.f.DefaultMavenResourcesFiltering - skip non existing resourceDirectory C:\Users\Amit\Downloads\Job Portal\Job-Portal\src\test\resources
2025-02-03 11:55:53,539 [Worker-2: Building] INFO  o.a.m.s.f.DefaultMavenResourcesFiltering - Copying 1 resource from src\main\resources to target\classes
2025-02-03 11:55:53,546 [Worker-2: Building] INFO  o.a.m.s.f.DefaultMavenResourcesFiltering - Copying 2 resources from src\main\resources to target\classes
2025-02-03 11:55:53,549 [Worker-2: Building] INFO  o.a.m.s.f.DefaultMavenResourcesFiltering - skip non existing resourceDirectory C:\Users\Amit\Downloads\Job Portal\Job-Portal\src\test\resources
2025-02-03 11:57:47,585 [Worker-12: Building] INFO  o.a.m.s.f.DefaultMavenResourcesFiltering - Copying 1 resource from src\main\resources to target\classes
2025-02-03 11:57:47,592 [Worker-12: Building] INFO  o.a.m.s.f.DefaultMavenResourcesFiltering - Copying 2 resources from src\main\resources to target\classes
2025-02-03 11:57:47,595 [Worker-12: Building] INFO  o.a.m.s.f.DefaultMavenResourcesFiltering - skip non existing resourceDirectory C:\Users\Amit\Downloads\Job Portal\Job-Portal\src\test\resources
2025-02-03 11:58:03,397 [Worker-6: Building] INFO  o.a.m.s.f.DefaultMavenResourcesFiltering - Copying 1 resource from src\main\resources to target\classes
2025-02-03 11:58:03,401 [Worker-6: Building] INFO  o.a.m.s.f.DefaultMavenResourcesFiltering - Copying 2 resources from src\main\resources to target\classes
2025-02-03 11:58:03,404 [Worker-6: Building] INFO  o.a.m.s.f.DefaultMavenResourcesFiltering - skip non existing resourceDirectory C:\Users\Amit\Downloads\Job Portal\Job-Portal\src\test\resources
2025-02-04 11:05:16,690 [Worker-6: Loading available Gradle versions] INFO  o.e.b.c.i.u.g.PublishedGradleVersions - Gradle version information cache is out-of-date. Trying to update.
2025-02-05 09:19:42,629 [Worker-2: Loading available Gradle versions] INFO  o.e.b.c.i.u.g.PublishedGradleVersions - Gradle version information cache is up-to-date. Trying to read.
2025-02-06 08:48:21,921 [Worker-2: Loading available Gradle versions] INFO  o.e.b.c.i.u.g.PublishedGradleVersions - Gradle version information cache is out-of-date. Trying to update.
2025-02-06 08:53:40,658 [Worker-0: Building] INFO  o.a.m.s.f.DefaultMavenResourcesFiltering - Copying 1 resource from src\main\resources to target\classes
2025-02-06 08:53:40,697 [Worker-0: Building] INFO  o.a.m.s.f.DefaultMavenResourcesFiltering - Copying 2 resources from src\main\resources to target\classes
2025-02-06 08:53:40,714 [Worker-0: Building] INFO  o.a.m.s.f.DefaultMavenResourcesFiltering - skip non existing resourceDirectory C:\Users\Amit\Downloads\Job Portal\Job-Portal\src\test\resources
2025-02-06 08:58:08,513 [Worker-0: Building] INFO  o.a.m.s.f.DefaultMavenResourcesFiltering - Copying 1 resource from src\main\resources to target\classes
2025-02-06 08:58:08,528 [Worker-0: Building] INFO  o.a.m.s.f.DefaultMavenResourcesFiltering - Copying 2 resources from src\main\resources to target\classes
2025-02-06 08:58:08,541 [Worker-0: Building] INFO  o.a.m.s.f.DefaultMavenResourcesFiltering - skip non existing resourceDirectory C:\Users\Amit\Downloads\Job Portal\Job-Portal\src\test\resources
2025-02-06 09:07:33,877 [Worker-10: Building] INFO  o.a.m.s.f.DefaultMavenResourcesFiltering - Copying 1 resource from src\main\resources to target\classes
2025-02-06 09:07:33,888 [Worker-10: Building] INFO  o.a.m.s.f.DefaultMavenResourcesFiltering - Copying 2 resources from src\main\resources to target\classes
2025-02-06 09:07:33,898 [Worker-10: Building] INFO  o.a.m.s.f.DefaultMavenResourcesFiltering - skip non existing resourceDirectory C:\Users\Amit\Downloads\Job Portal\Job-Portal\src\test\resources
2025-02-06 09:21:47,719 [Worker-1: Building] INFO  o.a.m.s.f.DefaultMavenResourcesFiltering - Copying 1 resource from src\main\resources to target\classes
2025-02-06 09:21:47,753 [Worker-1: Building] INFO  o.a.m.s.f.DefaultMavenResourcesFiltering - Copying 2 resources from src\main\resources to target\classes
2025-02-06 09:21:47,769 [Worker-1: Building] INFO  o.a.m.s.f.DefaultMavenResourcesFiltering - skip non existing resourceDirectory C:\Users\Amit\Downloads\Job Portal\Job-Portal\src\test\resources
2025-02-06 09:25:45,312 [Worker-5: Loading available Gradle versions] INFO  o.e.b.c.i.u.g.PublishedGradleVersions - Gradle version information cache is up-to-date. Trying to read.
2025-02-06 09:25:59,440 [Worker-2: Building] INFO  o.a.m.s.f.DefaultMavenResourcesFiltering - Copying 1 resource from src\main\resources to target\classes
2025-02-06 09:25:59,480 [Worker-2: Building] INFO  o.a.m.s.f.DefaultMavenResourcesFiltering - Copying 2 resources from src\main\resources to target\classes
2025-02-06 09:25:59,501 [Worker-2: Building] INFO  o.a.m.s.f.DefaultMavenResourcesFiltering - skip non existing resourceDirectory C:\Users\Amit\Downloads\Job Portal\Job-Portal\src\test\resources
2025-02-06 09:30:38,869 [Worker-15: Building] INFO  o.a.m.s.f.DefaultMavenResourcesFiltering - Copying 1 resource from src\main\resources to target\classes
2025-02-06 09:30:38,888 [Worker-15: Building] INFO  o.a.m.s.f.DefaultMavenResourcesFiltering - Copying 2 resources from src\main\resources to target\classes
2025-02-06 09:30:38,893 [Worker-15: Building] INFO  o.a.m.s.f.DefaultMavenResourcesFiltering - skip non existing resourceDirectory C:\Users\Amit\Downloads\Job Portal\Job-Portal\src\test\resources
2025-02-06 09:30:44,624 [Worker-14: Building] INFO  o.a.m.s.f.DefaultMavenResourcesFiltering - Copying 1 resource from src\main\resources to target\classes
2025-02-06 09:30:44,633 [Worker-14: Building] INFO  o.a.m.s.f.DefaultMavenResourcesFiltering - Copying 2 resources from src\main\resources to target\classes
2025-02-06 09:30:44,642 [Worker-14: Building] INFO  o.a.m.s.f.DefaultMavenResourcesFiltering - skip non existing resourceDirectory C:\Users\Amit\Downloads\Job Portal\Job-Portal\src\test\resources
2025-02-06 09:30:57,489 [Worker-14: Building] INFO  o.a.m.s.f.DefaultMavenResourcesFiltering - Copying 1 resource from src\main\resources to target\classes
2025-02-06 09:30:57,500 [Worker-14: Building] INFO  o.a.m.s.f.DefaultMavenResourcesFiltering - Copying 2 resources from src\main\resources to target\classes
2025-02-06 09:30:57,509 [Worker-14: Building] INFO  o.a.m.s.f.DefaultMavenResourcesFiltering - skip non existing resourceDirectory C:\Users\Amit\Downloads\Job Portal\Job-Portal\src\test\resources
2025-02-06 09:31:13,338 [Worker-8: Building] INFO  o.a.m.s.f.DefaultMavenResourcesFiltering - Copying 1 resource from src\main\resources to target\classes
2025-02-06 09:31:13,354 [Worker-8: Building] INFO  o.a.m.s.f.DefaultMavenResourcesFiltering - Copying 2 resources from src\main\resources to target\classes
2025-02-06 09:31:13,363 [Worker-8: Building] INFO  o.a.m.s.f.DefaultMavenResourcesFiltering - skip non existing resourceDirectory C:\Users\Amit\Downloads\Job Portal\Job-Portal\src\test\resources
2025-02-06 09:32:05,982 [Worker-15: Building] INFO  o.a.m.s.f.DefaultMavenResourcesFiltering - Copying 1 resource from src\main\resources to target\classes
2025-02-06 09:32:05,991 [Worker-15: Building] INFO  o.a.m.s.f.DefaultMavenResourcesFiltering - Copying 2 resources from src\main\resources to target\classes
2025-02-06 09:32:05,997 [Worker-15: Building] INFO  o.a.m.s.f.DefaultMavenResourcesFiltering - skip non existing resourceDirectory C:\Users\Amit\Downloads\Job Portal\Job-Portal\src\test\resources
2025-02-06 09:34:32,524 [Worker-18: Building] INFO  o.a.m.s.f.DefaultMavenResourcesFiltering - Copying 1 resource from src\main\resources to target\classes
2025-02-06 09:34:32,554 [Worker-18: Building] INFO  o.a.m.s.f.DefaultMavenResourcesFiltering - Copying 2 resources from src\main\resources to target\classes
2025-02-06 09:34:32,564 [Worker-18: Building] INFO  o.a.m.s.f.DefaultMavenResourcesFiltering - skip non existing resourceDirectory C:\Users\Amit\Downloads\Job Portal\Job-Portal\src\test\resources
2025-02-06 09:35:29,439 [Worker-19: Launching Job-Portal - JobPortalApplication] INFO  o.a.m.s.f.DefaultMavenResourcesFiltering - Copying 1 resource from src\main\resources to target\classes
2025-02-06 09:35:29,453 [Worker-19: Launching Job-Portal - JobPortalApplication] INFO  o.a.m.s.f.DefaultMavenResourcesFiltering - Copying 2 resources from src\main\resources to target\classes
2025-02-06 09:35:29,467 [Worker-19: Launching Job-Portal - JobPortalApplication] INFO  o.a.m.s.f.DefaultMavenResourcesFiltering - skip non existing resourceDirectory C:\Users\Amit\Downloads\Job Portal\Job-Portal\src\test\resources
2025-02-06 09:39:00,518 [Worker-23: Building] INFO  o.a.m.s.f.DefaultMavenResourcesFiltering - Copying 1 resource from src\main\resources to target\classes
2025-02-06 09:39:00,526 [Worker-23: Building] INFO  o.a.m.s.f.DefaultMavenResourcesFiltering - Copying 2 resources from src\main\resources to target\classes
2025-02-06 09:39:00,532 [Worker-23: Building] INFO  o.a.m.s.f.DefaultMavenResourcesFiltering - skip non existing resourceDirectory C:\Users\Amit\Downloads\Job Portal\Job-Portal\src\test\resources
2025-02-06 09:51:11,549 [Worker-21: Building] INFO  o.a.m.s.f.DefaultMavenResourcesFiltering - Copying 1 resource from src\main\resources to target\classes
2025-02-06 09:51:11,562 [Worker-21: Building] INFO  o.a.m.s.f.DefaultMavenResourcesFiltering - Copying 2 resources from src\main\resources to target\classes
2025-02-06 09:51:11,573 [Worker-21: Building] INFO  o.a.m.s.f.DefaultMavenResourcesFiltering - skip non existing resourceDirectory C:\Users\Amit\Downloads\Job Portal\Job-Portal\src\test\resources
2025-02-06 09:52:24,936 [Worker-23: Building] INFO  o.a.m.s.f.DefaultMavenResourcesFiltering - Copying 1 resource from src\main\resources to target\classes
2025-02-06 09:52:24,973 [Worker-23: Building] INFO  o.a.m.s.f.DefaultMavenResourcesFiltering - Copying 2 resources from src\main\resources to target\classes
2025-02-06 09:52:24,989 [Worker-23: Building] INFO  o.a.m.s.f.DefaultMavenResourcesFiltering - skip non existing resourceDirectory C:\Users\Amit\Downloads\Job Portal\Job-Portal\src\test\resources
2025-02-06 09:53:20,270 [Worker-23: Building] INFO  o.a.m.s.f.DefaultMavenResourcesFiltering - Copying 1 resource from src\main\resources to target\classes
2025-02-06 09:53:20,281 [Worker-23: Building] INFO  o.a.m.s.f.DefaultMavenResourcesFiltering - Copying 2 resources from src\main\resources to target\classes
2025-02-06 09:53:20,294 [Worker-23: Building] INFO  o.a.m.s.f.DefaultMavenResourcesFiltering - skip non existing resourceDirectory C:\Users\Amit\Downloads\Job Portal\Job-Portal\src\test\resources
2025-02-06 10:02:40,200 [Worker-23: Building] INFO  o.a.m.s.f.DefaultMavenResourcesFiltering - Copying 1 resource from src\main\resources to target\classes
2025-02-06 10:02:40,209 [Worker-23: Building] INFO  o.a.m.s.f.DefaultMavenResourcesFiltering - Copying 2 resources from src\main\resources to target\classes
2025-02-06 10:02:40,219 [Worker-23: Building] INFO  o.a.m.s.f.DefaultMavenResourcesFiltering - skip non existing resourceDirectory C:\Users\Amit\Downloads\Job Portal\Job-Portal\src\test\resources
2025-02-06 10:08:25,759 [Worker-22: Building] INFO  o.a.m.s.f.DefaultMavenResourcesFiltering - Copying 1 resource from src\main\resources to target\classes
2025-02-06 10:08:25,769 [Worker-22: Building] INFO  o.a.m.s.f.DefaultMavenResourcesFiltering - Copying 2 resources from src\main\resources to target\classes
2025-02-06 10:08:25,773 [Worker-22: Building] INFO  o.a.m.s.f.DefaultMavenResourcesFiltering - skip non existing resourceDirectory C:\Users\Amit\Downloads\Job Portal\Job-Portal\src\test\resources
2025-02-06 10:08:54,404 [Worker-22: Launching Job-Portal - JobPortalApplication] INFO  o.a.m.s.f.DefaultMavenResourcesFiltering - Copying 1 resource from src\main\resources to target\classes
2025-02-06 10:08:54,413 [Worker-22: Launching Job-Portal - JobPortalApplication] INFO  o.a.m.s.f.DefaultMavenResourcesFiltering - Copying 2 resources from src\main\resources to target\classes
2025-02-06 10:08:54,426 [Worker-22: Launching Job-Portal - JobPortalApplication] INFO  o.a.m.s.f.DefaultMavenResourcesFiltering - skip non existing resourceDirectory C:\Users\Amit\Downloads\Job Portal\Job-Portal\src\test\resources
2025-02-06 10:10:39,377 [Worker-26: Building] INFO  o.a.m.s.f.DefaultMavenResourcesFiltering - Copying 1 resource from src\main\resources to target\classes
2025-02-06 10:10:39,388 [Worker-26: Building] INFO  o.a.m.s.f.DefaultMavenResourcesFiltering - Copying 2 resources from src\main\resources to target\classes
2025-02-06 10:10:39,400 [Worker-26: Building] INFO  o.a.m.s.f.DefaultMavenResourcesFiltering - skip non existing resourceDirectory C:\Users\Amit\Downloads\Job Portal\Job-Portal\src\test\resources
2025-02-06 10:22:05,802 [Worker-24: Building] INFO  o.a.m.s.f.DefaultMavenResourcesFiltering - Copying 1 resource from src\main\resources to target\classes
2025-02-06 10:22:05,811 [Worker-24: Building] INFO  o.a.m.s.f.DefaultMavenResourcesFiltering - Copying 2 resources from src\main\resources to target\classes
2025-02-06 10:22:05,817 [Worker-24: Building] INFO  o.a.m.s.f.DefaultMavenResourcesFiltering - skip non existing resourceDirectory C:\Users\Amit\Downloads\Job Portal\Job-Portal\src\test\resources
2025-02-06 10:22:10,921 [Worker-27: Launching Job-Portal - JobPortalApplication] INFO  o.a.m.s.f.DefaultMavenResourcesFiltering - Copying 1 resource from src\main\resources to target\classes
2025-02-06 10:22:10,929 [Worker-27: Launching Job-Portal - JobPortalApplication] INFO  o.a.m.s.f.DefaultMavenResourcesFiltering - Copying 2 resources from src\main\resources to target\classes
2025-02-06 10:22:10,934 [Worker-27: Launching Job-Portal - JobPortalApplication] INFO  o.a.m.s.f.DefaultMavenResourcesFiltering - skip non existing resourceDirectory C:\Users\Amit\Downloads\Job Portal\Job-Portal\src\test\resources
2025-02-06 10:33:15,276 [Worker-20: Building] INFO  o.a.m.s.f.DefaultMavenResourcesFiltering - Copying 1 resource from src\main\resources to target\classes
2025-02-06 10:33:15,306 [Worker-20: Building] INFO  o.a.m.s.f.DefaultMavenResourcesFiltering - Copying 2 resources from src\main\resources to target\classes
2025-02-06 10:33:15,310 [Worker-20: Building] INFO  o.a.m.s.f.DefaultMavenResourcesFiltering - skip non existing resourceDirectory C:\Users\Amit\Downloads\Job Portal\Job-Portal\src\test\resources
2025-02-06 10:43:05,078 [Worker-21: Building] INFO  o.a.m.s.f.DefaultMavenResourcesFiltering - Copying 1 resource from src\main\resources to target\classes
2025-02-06 10:43:05,085 [Worker-21: Building] INFO  o.a.m.s.f.DefaultMavenResourcesFiltering - Copying 2 resources from src\main\resources to target\classes
2025-02-06 10:43:05,088 [Worker-21: Building] INFO  o.a.m.s.f.DefaultMavenResourcesFiltering - skip non existing resourceDirectory C:\Users\Amit\Downloads\Job Portal\Job-Portal\src\test\resources
2025-02-06 10:50:01,300 [Worker-25: Building] INFO  o.a.m.s.f.DefaultMavenResourcesFiltering - Copying 1 resource from src\main\resources to target\classes
2025-02-06 10:50:01,306 [Worker-25: Building] INFO  o.a.m.s.f.DefaultMavenResourcesFiltering - Copying 2 resources from src\main\resources to target\classes
2025-02-06 10:50:01,309 [Worker-25: Building] INFO  o.a.m.s.f.DefaultMavenResourcesFiltering - skip non existing resourceDirectory C:\Users\Amit\Downloads\Job Portal\Job-Portal\src\test\resources
2025-02-06 10:50:49,811 [Worker-26: Launching Job-Portal - JobPortalApplication] INFO  o.a.m.s.f.DefaultMavenResourcesFiltering - Copying 1 resource from src\main\resources to target\classes
2025-02-06 10:50:49,817 [Worker-26: Launching Job-Portal - JobPortalApplication] INFO  o.a.m.s.f.DefaultMavenResourcesFiltering - Copying 2 resources from src\main\resources to target\classes
2025-02-06 10:50:49,823 [Worker-26: Launching Job-Portal - JobPortalApplication] INFO  o.a.m.s.f.DefaultMavenResourcesFiltering - skip non existing resourceDirectory C:\Users\Amit\Downloads\Job Portal\Job-Portal\src\test\resources
2025-02-06 11:07:38,314 [Worker-22: Building] INFO  o.a.m.s.f.DefaultMavenResourcesFiltering - Copying 1 resource from src\main\resources to target\classes
2025-02-06 11:07:38,327 [Worker-22: Building] INFO  o.a.m.s.f.DefaultMavenResourcesFiltering - Copying 2 resources from src\main\resources to target\classes
2025-02-06 11:07:38,329 [Worker-22: Building] INFO  o.a.m.s.f.DefaultMavenResourcesFiltering - skip non existing resourceDirectory C:\Users\Amit\Downloads\Job Portal\Job-Portal\src\test\resources
2025-02-06 11:07:51,723 [Worker-23: Building] INFO  o.a.m.s.f.DefaultMavenResourcesFiltering - Copying 1 resource from src\main\resources to target\classes
2025-02-06 11:07:51,728 [Worker-23: Building] INFO  o.a.m.s.f.DefaultMavenResourcesFiltering - Copying 2 resources from src\main\resources to target\classes
2025-02-06 11:07:51,731 [Worker-23: Building] INFO  o.a.m.s.f.DefaultMavenResourcesFiltering - skip non existing resourceDirectory C:\Users\Amit\Downloads\Job Portal\Job-Portal\src\test\resources
2025-02-06 11:18:40,127 [Worker-25: Building] INFO  o.a.m.s.f.DefaultMavenResourcesFiltering - Copying 1 resource from src\main\resources to target\classes
2025-02-06 11:18:40,134 [Worker-25: Building] INFO  o.a.m.s.f.DefaultMavenResourcesFiltering - Copying 2 resources from src\main\resources to target\classes
2025-02-06 11:18:40,138 [Worker-25: Building] INFO  o.a.m.s.f.DefaultMavenResourcesFiltering - skip non existing resourceDirectory C:\Users\Amit\Downloads\Job Portal\Job-Portal\src\test\resources
2025-02-06 11:22:20,243 [Worker-25: Building] INFO  o.a.m.s.f.DefaultMavenResourcesFiltering - Copying 1 resource from src\main\resources to target\classes
2025-02-06 11:22:20,249 [Worker-25: Building] INFO  o.a.m.s.f.DefaultMavenResourcesFiltering - Copying 2 resources from src\main\resources to target\classes
2025-02-06 11:22:20,252 [Worker-25: Building] INFO  o.a.m.s.f.DefaultMavenResourcesFiltering - skip non existing resourceDirectory C:\Users\Amit\Downloads\Job Portal\Job-Portal\src\test\resources
2025-02-06 11:23:05,253 [Worker-23: Building] INFO  o.a.m.s.f.DefaultMavenResourcesFiltering - Copying 1 resource from src\main\resources to target\classes
2025-02-06 11:23:05,257 [Worker-23: Building] INFO  o.a.m.s.f.DefaultMavenResourcesFiltering - Copying 2 resources from src\main\resources to target\classes
2025-02-06 11:23:05,259 [Worker-23: Building] INFO  o.a.m.s.f.DefaultMavenResourcesFiltering - skip non existing resourceDirectory C:\Users\Amit\Downloads\Job Portal\Job-Portal\src\test\resources
2025-02-06 11:28:11,684 [Worker-18: Building] INFO  o.a.m.s.f.DefaultMavenResourcesFiltering - Copying 1 resource from src\main\resources to target\classes
2025-02-06 11:28:11,689 [Worker-18: Building] INFO  o.a.m.s.f.DefaultMavenResourcesFiltering - Copying 2 resources from src\main\resources to target\classes
2025-02-06 11:28:11,691 [Worker-18: Building] INFO  o.a.m.s.f.DefaultMavenResourcesFiltering - skip non existing resourceDirectory C:\Users\Amit\Downloads\Job Portal\Job-Portal\src\test\resources
2025-02-07 11:10:31,584 [Worker-5: Loading available Gradle versions] INFO  o.e.b.c.i.u.g.PublishedGradleVersions - Gradle version information cache is out-of-date. Trying to update.
2025-02-07 11:10:55,893 [Worker-6: Launching Job-Portal - JobPortalApplication] INFO  o.a.m.s.f.DefaultMavenResourcesFiltering - Copying 1 resource from src\main\resources to target\classes
2025-02-07 11:10:55,910 [Worker-6: Launching Job-Portal - JobPortalApplication] INFO  o.a.m.s.f.DefaultMavenResourcesFiltering - Copying 2 resources from src\main\resources to target\classes
2025-02-07 11:10:55,916 [Worker-6: Launching Job-Portal - JobPortalApplication] INFO  o.a.m.s.f.DefaultMavenResourcesFiltering - skip non existing resourceDirectory C:\Users\Amit\Downloads\Job Portal\Job-Portal\src\test\resources
2025-02-09 14:14:56,953 [Worker-1: Loading available Gradle versions] INFO  o.e.b.c.i.u.g.PublishedGradleVersions - Gradle version information cache is out-of-date. Trying to update.
2025-02-10 09:10:36,200 [Worker-0: Loading available Gradle versions] INFO  o.e.b.c.i.u.g.PublishedGradleVersions - Gradle version information cache is up-to-date. Trying to read.
2025-02-11 08:54:23,931 [Worker-1: Loading available Gradle versions] INFO  o.e.b.c.i.u.g.PublishedGradleVersions - Gradle version information cache is out-of-date. Trying to update.
2025-02-11 10:44:44,044 [Worker-2: Building] INFO  o.a.m.s.f.DefaultMavenResourcesFiltering - Copying 1 resource from src\main\resources to target\classes
2025-02-11 10:44:44,092 [Worker-2: Building] INFO  o.a.m.s.f.DefaultMavenResourcesFiltering - Copying 2 resources from src\main\resources to target\classes
2025-02-11 10:44:44,099 [Worker-2: Building] INFO  o.a.m.s.f.DefaultMavenResourcesFiltering - skip non existing resourceDirectory C:\Users\Amit\Downloads\Job Portal\Job-Portal\src\test\resources
2025-02-11 10:45:18,274 [Worker-6: Launching Job-Portal - JobPortalApplication] INFO  o.a.m.s.f.DefaultMavenResourcesFiltering - Copying 1 resource from src\main\resources to target\classes
2025-02-11 10:45:18,285 [Worker-6: Launching Job-Portal - JobPortalApplication] INFO  o.a.m.s.f.DefaultMavenResourcesFiltering - Copying 2 resources from src\main\resources to target\classes
2025-02-11 10:45:18,291 [Worker-6: Launching Job-Portal - JobPortalApplication] INFO  o.a.m.s.f.DefaultMavenResourcesFiltering - skip non existing resourceDirectory C:\Users\Amit\Downloads\Job Portal\Job-Portal\src\test\resources
2025-02-12 10:31:32,322 [Worker-5: Loading available Gradle versions] INFO  o.e.b.c.i.u.g.PublishedGradleVersions - Gradle version information cache is out-of-date. Trying to update.
2025-02-13 17:50:30,884 [Worker-2: Loading available Gradle versions] INFO  o.e.b.c.i.u.g.PublishedGradleVersions - Gradle version information cache is out-of-date. Trying to update.
2025-02-14 18:04:26,419 [Worker-5: Loading available Gradle versions] INFO  o.e.b.c.i.u.g.PublishedGradleVersions - Gradle version information cache is out-of-date. Trying to update.
2025-02-14 18:04:44,176 [Worker-4: Launching Job-Portal - JobPortalApplication] INFO  o.a.m.s.f.DefaultMavenResourcesFiltering - Copying 1 resource from src\main\resources to target\classes
2025-02-14 18:04:44,213 [Worker-4: Launching Job-Portal - JobPortalApplication] INFO  o.a.m.s.f.DefaultMavenResourcesFiltering - Copying 2 resources from src\main\resources to target\classes
2025-02-14 18:04:44,240 [Worker-4: Launching Job-Portal - JobPortalApplication] INFO  o.a.m.s.f.DefaultMavenResourcesFiltering - skip non existing resourceDirectory C:\Users\Amit\Downloads\Job Portal\Job-Portal\src\test\resources
2025-02-19 09:46:24,941 [Worker-5: Loading available Gradle versions] INFO  o.e.b.c.i.u.g.PublishedGradleVersions - Gradle version information cache is out-of-date. Trying to update.
2025-02-20 08:15:36,394 [Worker-6: Loading available Gradle versions] INFO  o.e.b.c.i.u.g.PublishedGradleVersions - Gradle version information cache is up-to-date. Trying to read.
2025-02-20 08:31:26,795 [Worker-12: Building] INFO  o.a.m.s.f.DefaultMavenResourcesFiltering - Copying 1 resource from src\main\resources to target\classes
2025-02-20 08:31:26,837 [Worker-12: Building] INFO  o.a.m.s.f.DefaultMavenResourcesFiltering - Copying 2 resources from src\main\resources to target\classes
2025-02-20 08:31:26,860 [Worker-12: Building] INFO  o.a.m.s.f.DefaultMavenResourcesFiltering - skip non existing resourceDirectory C:\Users\Amit\Downloads\Job Portal\Job-Portal\src\test\resources
2025-02-20 08:42:20,376 [Worker-4: Building] INFO  o.a.m.s.f.DefaultMavenResourcesFiltering - Copying 1 resource from src\main\resources to target\classes
2025-02-20 08:42:20,384 [Worker-4: Building] INFO  o.a.m.s.f.DefaultMavenResourcesFiltering - Copying 2 resources from src\main\resources to target\classes
2025-02-20 08:42:20,390 [Worker-4: Building] INFO  o.a.m.s.f.DefaultMavenResourcesFiltering - skip non existing resourceDirectory C:\Users\Amit\Downloads\Job Portal\Job-Portal\src\test\resources
2025-02-20 08:43:35,461 [Worker-0: Building] INFO  o.a.m.s.f.DefaultMavenResourcesFiltering - Copying 1 resource from src\main\resources to target\classes
2025-02-20 08:43:35,472 [Worker-0: Building] INFO  o.a.m.s.f.DefaultMavenResourcesFiltering - Copying 2 resources from src\main\resources to target\classes
2025-02-20 08:43:35,479 [Worker-0: Building] INFO  o.a.m.s.f.DefaultMavenResourcesFiltering - skip non existing resourceDirectory C:\Users\Amit\Downloads\Job Portal\Job-Portal\src\test\resources
2025-02-20 08:45:46,520 [Worker-4: Building] INFO  o.a.m.s.f.DefaultMavenResourcesFiltering - Copying 1 resource from src\main\resources to target\classes
2025-02-20 08:45:46,535 [Worker-4: Building] INFO  o.a.m.s.f.DefaultMavenResourcesFiltering - Copying 2 resources from src\main\resources to target\classes
2025-02-20 08:45:46,543 [Worker-4: Building] INFO  o.a.m.s.f.DefaultMavenResourcesFiltering - skip non existing resourceDirectory C:\Users\Amit\Downloads\Job Portal\Job-Portal\src\test\resources
2025-02-20 08:59:50,982 [Worker-3: Building] INFO  o.a.m.s.f.DefaultMavenResourcesFiltering - Copying 1 resource from src\main\resources to target\classes
2025-02-20 08:59:50,990 [Worker-3: Building] INFO  o.a.m.s.f.DefaultMavenResourcesFiltering - Copying 2 resources from src\main\resources to target\classes
2025-02-20 08:59:50,997 [Worker-3: Building] INFO  o.a.m.s.f.DefaultMavenResourcesFiltering - skip non existing resourceDirectory C:\Users\Amit\Downloads\Job Portal\Job-Portal\src\test\resources
2025-02-20 08:59:56,219 [Worker-2: Building] INFO  o.a.m.s.f.DefaultMavenResourcesFiltering - Copying 1 resource from src\main\resources to target\classes
2025-02-20 08:59:56,226 [Worker-2: Building] INFO  o.a.m.s.f.DefaultMavenResourcesFiltering - Copying 2 resources from src\main\resources to target\classes
2025-02-20 08:59:56,229 [Worker-2: Building] INFO  o.a.m.s.f.DefaultMavenResourcesFiltering - skip non existing resourceDirectory C:\Users\Amit\Downloads\Job Portal\Job-Portal\src\test\resources
2025-02-20 08:59:58,551 [Worker-15: Building] INFO  o.a.m.s.f.DefaultMavenResourcesFiltering - Copying 1 resource from src\main\resources to target\classes
2025-02-20 08:59:58,557 [Worker-15: Building] INFO  o.a.m.s.f.DefaultMavenResourcesFiltering - Copying 2 resources from src\main\resources to target\classes
2025-02-20 08:59:58,560 [Worker-15: Building] INFO  o.a.m.s.f.DefaultMavenResourcesFiltering - skip non existing resourceDirectory C:\Users\Amit\Downloads\Job Portal\Job-Portal\src\test\resources
2025-02-20 09:00:01,050 [Worker-7: Building] INFO  o.a.m.s.f.DefaultMavenResourcesFiltering - Copying 1 resource from src\main\resources to target\classes
2025-02-20 09:00:01,055 [Worker-7: Building] INFO  o.a.m.s.f.DefaultMavenResourcesFiltering - Copying 2 resources from src\main\resources to target\classes
2025-02-20 09:00:01,058 [Worker-7: Building] INFO  o.a.m.s.f.DefaultMavenResourcesFiltering - skip non existing resourceDirectory C:\Users\Amit\Downloads\Job Portal\Job-Portal\src\test\resources
2025-02-20 09:00:08,617 [Worker-8: Building] INFO  o.a.m.s.f.DefaultMavenResourcesFiltering - Copying 1 resource from src\main\resources to target\classes
2025-02-20 09:00:08,628 [Worker-8: Building] INFO  o.a.m.s.f.DefaultMavenResourcesFiltering - Copying 2 resources from src\main\resources to target\classes
2025-02-20 09:00:08,637 [Worker-8: Building] INFO  o.a.m.s.f.DefaultMavenResourcesFiltering - skip non existing resourceDirectory C:\Users\Amit\Downloads\Job Portal\Job-Portal\src\test\resources
2025-02-20 09:01:14,445 [Worker-4: Loading available Gradle versions] INFO  o.e.b.c.i.u.g.PublishedGradleVersions - Gradle version information cache is up-to-date. Trying to read.
2025-02-20 09:05:21,883 [Worker-6: Building] INFO  o.a.m.s.f.DefaultMavenResourcesFiltering - Copying 1 resource from src\main\resources to target\classes
2025-02-20 09:05:21,913 [Worker-6: Building] INFO  o.a.m.s.f.DefaultMavenResourcesFiltering - Copying 2 resources from src\main\resources to target\classes
2025-02-20 09:05:21,930 [Worker-6: Building] INFO  o.a.m.s.f.DefaultMavenResourcesFiltering - skip non existing resourceDirectory C:\Users\Amit\Downloads\Job Portal\Job-Portal\src\test\resources
2025-02-20 09:14:21,737 [Worker-6: Building] INFO  o.a.m.s.f.DefaultMavenResourcesFiltering - Copying 1 resource from src\main\resources to target\classes
2025-02-20 09:14:21,748 [Worker-6: Building] INFO  o.a.m.s.f.DefaultMavenResourcesFiltering - Copying 2 resources from src\main\resources to target\classes
2025-02-20 09:14:21,754 [Worker-6: Building] INFO  o.a.m.s.f.DefaultMavenResourcesFiltering - skip non existing resourceDirectory C:\Users\Amit\Downloads\Job Portal\Job-Portal\src\test\resources
2025-02-20 09:15:15,568 [Worker-12: Launching Job-Portal - JobPortalApplication] INFO  o.a.m.s.f.DefaultMavenResourcesFiltering - Copying 1 resource from src\main\resources to target\classes
2025-02-20 09:15:15,577 [Worker-12: Launching Job-Portal - JobPortalApplication] INFO  o.a.m.s.f.DefaultMavenResourcesFiltering - Copying 2 resources from src\main\resources to target\classes
2025-02-20 09:15:15,584 [Worker-12: Launching Job-Portal - JobPortalApplication] INFO  o.a.m.s.f.DefaultMavenResourcesFiltering - skip non existing resourceDirectory C:\Users\Amit\Downloads\Job Portal\Job-Portal\src\test\resources
2025-02-20 09:16:43,982 [Worker-2: Building] INFO  o.a.m.s.f.DefaultMavenResourcesFiltering - Copying 1 resource from src\main\resources to target\classes
2025-02-20 09:16:43,996 [Worker-2: Building] INFO  o.a.m.s.f.DefaultMavenResourcesFiltering - Copying 2 resources from src\main\resources to target\classes
2025-02-20 09:16:44,008 [Worker-2: Building] INFO  o.a.m.s.f.DefaultMavenResourcesFiltering - skip non existing resourceDirectory C:\Users\Amit\Downloads\Job Portal\Job-Portal\src\test\resources
2025-02-20 09:17:13,853 [Worker-4: Building] INFO  o.a.m.s.f.DefaultMavenResourcesFiltering - Copying 1 resource from src\main\resources to target\classes
2025-02-20 09:17:13,857 [Worker-4: Building] INFO  o.a.m.s.f.DefaultMavenResourcesFiltering - Copying 2 resources from src\main\resources to target\classes
2025-02-20 09:17:13,861 [Worker-4: Building] INFO  o.a.m.s.f.DefaultMavenResourcesFiltering - skip non existing resourceDirectory C:\Users\Amit\Downloads\Job Portal\Job-Portal\src\test\resources
2025-02-20 09:18:55,227 [Worker-6: Building] INFO  o.a.m.s.f.DefaultMavenResourcesFiltering - Copying 1 resource from src\main\resources to target\classes
2025-02-20 09:18:55,234 [Worker-6: Building] INFO  o.a.m.s.f.DefaultMavenResourcesFiltering - Copying 2 resources from src\main\resources to target\classes
2025-02-20 09:18:55,240 [Worker-6: Building] INFO  o.a.m.s.f.DefaultMavenResourcesFiltering - skip non existing resourceDirectory C:\Users\Amit\Downloads\Job Portal\Job-Portal\src\test\resources
2025-02-20 09:19:50,184 [Worker-14: Launching Job-Portal - JobPortalApplication] INFO  o.a.m.s.f.DefaultMavenResourcesFiltering - Copying 1 resource from src\main\resources to target\classes
2025-02-20 09:19:50,194 [Worker-14: Launching Job-Portal - JobPortalApplication] INFO  o.a.m.s.f.DefaultMavenResourcesFiltering - Copying 2 resources from src\main\resources to target\classes
2025-02-20 09:19:50,202 [Worker-14: Launching Job-Portal - JobPortalApplication] INFO  o.a.m.s.f.DefaultMavenResourcesFiltering - skip non existing resourceDirectory C:\Users\Amit\Downloads\Job Portal\Job-Portal\src\test\resources
2025-02-20 09:20:50,436 [Worker-2: Building] INFO  o.a.m.s.f.DefaultMavenResourcesFiltering - Copying 1 resource from src\main\resources to target\classes
2025-02-20 09:20:50,441 [Worker-2: Building] INFO  o.a.m.s.f.DefaultMavenResourcesFiltering - Copying 2 resources from src\main\resources to target\classes
2025-02-20 09:20:50,447 [Worker-2: Building] INFO  o.a.m.s.f.DefaultMavenResourcesFiltering - skip non existing resourceDirectory C:\Users\Amit\Downloads\Job Portal\Job-Portal\src\test\resources
2025-02-20 09:23:19,891 [Worker-0: Building] INFO  o.a.m.s.f.DefaultMavenResourcesFiltering - Copying 1 resource from src\main\resources to target\classes
2025-02-20 09:23:19,902 [Worker-0: Building] INFO  o.a.m.s.f.DefaultMavenResourcesFiltering - Copying 2 resources from src\main\resources to target\classes
2025-02-20 09:23:19,907 [Worker-0: Building] INFO  o.a.m.s.f.DefaultMavenResourcesFiltering - skip non existing resourceDirectory C:\Users\Amit\Downloads\Job Portal\Job-Portal\src\test\resources
2025-02-20 09:24:17,017 [Worker-4: Building] INFO  o.a.m.s.f.DefaultMavenResourcesFiltering - Copying 1 resource from src\main\resources to target\classes
2025-02-20 09:24:17,024 [Worker-4: Building] INFO  o.a.m.s.f.DefaultMavenResourcesFiltering - Copying 2 resources from src\main\resources to target\classes
2025-02-20 09:24:17,030 [Worker-4: Building] INFO  o.a.m.s.f.DefaultMavenResourcesFiltering - skip non existing resourceDirectory C:\Users\Amit\Downloads\Job Portal\Job-Portal\src\test\resources
2025-02-20 09:26:01,995 [Worker-2: Building] INFO  o.a.m.s.f.DefaultMavenResourcesFiltering - Copying 1 resource from src\main\resources to target\classes
2025-02-20 09:26:02,003 [Worker-2: Building] INFO  o.a.m.s.f.DefaultMavenResourcesFiltering - Copying 2 resources from src\main\resources to target\classes
2025-02-20 09:26:02,008 [Worker-2: Building] INFO  o.a.m.s.f.DefaultMavenResourcesFiltering - skip non existing resourceDirectory C:\Users\Amit\Downloads\Job Portal\Job-Portal\src\test\resources
2025-02-20 09:34:28,039 [Worker-0: Building] INFO  o.a.m.s.f.DefaultMavenResourcesFiltering - Copying 1 resource from src\main\resources to target\classes
2025-02-20 09:34:28,045 [Worker-0: Building] INFO  o.a.m.s.f.DefaultMavenResourcesFiltering - Copying 2 resources from src\main\resources to target\classes
2025-02-20 09:34:28,050 [Worker-0: Building] INFO  o.a.m.s.f.DefaultMavenResourcesFiltering - skip non existing resourceDirectory C:\Users\Amit\Downloads\Job Portal\Job-Portal\src\test\resources
2025-02-20 09:47:19,883 [Worker-4: Building] INFO  o.a.m.s.f.DefaultMavenResourcesFiltering - Copying 1 resource from src\main\resources to target\classes
2025-02-20 09:47:19,887 [Worker-4: Building] INFO  o.a.m.s.f.DefaultMavenResourcesFiltering - Copying 2 resources from src\main\resources to target\classes
2025-02-20 09:47:19,891 [Worker-4: Building] INFO  o.a.m.s.f.DefaultMavenResourcesFiltering - skip non existing resourceDirectory C:\Users\Amit\Downloads\Job Portal\Job-Portal\src\test\resources
2025-02-20 09:49:45,256 [Worker-2: Launching Job-Portal - JobPortalApplication] INFO  o.a.m.s.f.DefaultMavenResourcesFiltering - Copying 1 resource from src\main\resources to target\classes
2025-02-20 09:49:45,264 [Worker-2: Launching Job-Portal - JobPortalApplication] INFO  o.a.m.s.f.DefaultMavenResourcesFiltering - Copying 2 resources from src\main\resources to target\classes
2025-02-20 09:49:45,268 [Worker-2: Launching Job-Portal - JobPortalApplication] INFO  o.a.m.s.f.DefaultMavenResourcesFiltering - skip non existing resourceDirectory C:\Users\Amit\Downloads\Job Portal\Job-Portal\src\test\resources
2025-02-20 10:37:33,033 [Worker-5: Launching Job-Portal - JobPortalApplication] INFO  o.a.m.s.f.DefaultMavenResourcesFiltering - Copying 1 resource from src\main\resources to target\classes
2025-02-20 10:37:33,090 [Worker-5: Launching Job-Portal - JobPortalApplication] INFO  o.a.m.s.f.DefaultMavenResourcesFiltering - Copying 2 resources from src\main\resources to target\classes
2025-02-20 10:37:33,099 [Worker-5: Launching Job-Portal - JobPortalApplication] INFO  o.a.m.s.f.DefaultMavenResourcesFiltering - skip non existing resourceDirectory C:\Users\Amit\Downloads\Job Portal\Job-Portal\src\test\resources
2025-02-20 10:49:07,767 [Worker-6: Building] INFO  o.a.m.s.f.DefaultMavenResourcesFiltering - Copying 1 resource from src\main\resources to target\classes
2025-02-20 10:49:07,782 [Worker-6: Building] INFO  o.a.m.s.f.DefaultMavenResourcesFiltering - Copying 2 resources from src\main\resources to target\classes
2025-02-20 10:49:07,789 [Worker-6: Building] INFO  o.a.m.s.f.DefaultMavenResourcesFiltering - skip non existing resourceDirectory C:\Users\Amit\Downloads\Job Portal\Job-Portal\src\test\resources
2025-02-20 10:49:50,927 [Worker-14: Launching Job-Portal - JobPortalApplication] INFO  o.a.m.s.f.DefaultMavenResourcesFiltering - Copying 1 resource from src\main\resources to target\classes
2025-02-20 10:49:50,938 [Worker-14: Launching Job-Portal - JobPortalApplication] INFO  o.a.m.s.f.DefaultMavenResourcesFiltering - Copying 2 resources from src\main\resources to target\classes
2025-02-20 10:49:50,948 [Worker-14: Launching Job-Portal - JobPortalApplication] INFO  o.a.m.s.f.DefaultMavenResourcesFiltering - skip non existing resourceDirectory C:\Users\Amit\Downloads\Job Portal\Job-Portal\src\test\resources
2025-02-20 11:00:01,905 [Worker-11: Launching Job-Portal - JobPortalApplication] INFO  o.a.m.s.f.DefaultMavenResourcesFiltering - Copying 1 resource from src\main\resources to target\classes
2025-02-20 11:00:01,923 [Worker-11: Launching Job-Portal - JobPortalApplication] INFO  o.a.m.s.f.DefaultMavenResourcesFiltering - Copying 2 resources from src\main\resources to target\classes
2025-02-20 11:00:01,935 [Worker-11: Launching Job-Portal - JobPortalApplication] INFO  o.a.m.s.f.DefaultMavenResourcesFiltering - skip non existing resourceDirectory C:\Users\Amit\Downloads\Job Portal\Job-Portal\src\test\resources
2025-02-20 11:02:00,700 [Worker-5: Building] INFO  o.a.m.s.f.DefaultMavenResourcesFiltering - Copying 1 resource from src\main\resources to target\classes
2025-02-20 11:02:00,711 [Worker-5: Building] INFO  o.a.m.s.f.DefaultMavenResourcesFiltering - Copying 2 resources from src\main\resources to target\classes
2025-02-20 11:02:00,717 [Worker-5: Building] INFO  o.a.m.s.f.DefaultMavenResourcesFiltering - skip non existing resourceDirectory C:\Users\Amit\Downloads\Job Portal\Job-Portal\src\test\resources
2025-02-21 17:16:08,482 [Worker-6: Loading available Gradle versions] INFO  o.e.b.c.i.u.g.PublishedGradleVersions - Gradle version information cache is out-of-date. Trying to update.
2025-02-22 17:09:05,864 [Worker-2: Loading available Gradle versions] INFO  o.e.b.c.i.u.g.PublishedGradleVersions - Gradle version information cache is up-to-date. Trying to read.
2025-02-22 18:45:47,369 [Worker-30: Building] INFO  o.a.m.s.f.DefaultMavenResourcesFiltering - Copying 1 resource from src\main\resources to target\classes
2025-02-22 18:45:47,396 [Worker-30: Building] INFO  o.a.m.s.f.DefaultMavenResourcesFiltering - Copying 2 resources from src\main\resources to target\classes
2025-02-22 18:45:47,409 [Worker-30: Building] INFO  o.a.m.s.f.DefaultMavenResourcesFiltering - skip non existing resourceDirectory C:\Users\Amit\Downloads\Job Portal\Job-Portal\src\test\resources
2025-02-23 15:15:41,198 [Worker-7: Loading available Gradle versions] INFO  o.e.b.c.i.u.g.PublishedGradleVersions - Gradle version information cache is out-of-date. Trying to update.
2025-02-25 09:19:42,131 [Worker-7: Loading available Gradle versions] INFO  o.e.b.c.i.u.g.PublishedGradleVersions - Gradle version information cache is out-of-date. Trying to update.
2025-02-27 16:16:19,752 [Worker-4: Loading available Gradle versions] INFO  o.e.b.c.i.u.g.PublishedGradleVersions - Gradle version information cache is out-of-date. Trying to update.
2025-02-28 09:00:33,838 [Worker-6: Loading available Gradle versions] INFO  o.e.b.c.i.u.g.PublishedGradleVersions - Gradle version information cache is up-to-date. Trying to read.
2025-03-03 08:48:04,267 [Worker-5: Loading available Gradle versions] INFO  o.e.b.c.i.u.g.PublishedGradleVersions - Gradle version information cache is out-of-date. Trying to update.
2025-03-03 08:48:31,138 [Worker-10: Launching Job-Portal - JobPortalApplication] INFO  o.a.m.s.f.DefaultMavenResourcesFiltering - Copying 1 resource from src\main\resources to target\classes
2025-03-03 08:48:31,164 [Worker-10: Launching Job-Portal - JobPortalApplication] INFO  o.a.m.s.f.DefaultMavenResourcesFiltering - Copying 2 resources from src\main\resources to target\classes
2025-03-03 08:48:31,177 [Worker-10: Launching Job-Portal - JobPortalApplication] INFO  o.a.m.s.f.DefaultMavenResourcesFiltering - skip non existing resourceDirectory C:\Users\Amit\Downloads\Job Portal\Job-Portal\src\test\resources
2025-03-03 08:50:37,358 [Worker-5: Building] INFO  o.a.m.s.f.DefaultMavenResourcesFiltering - Copying 1 resource from src\main\resources to target\classes
2025-03-03 08:50:37,374 [Worker-5: Building] INFO  o.a.m.s.f.DefaultMavenResourcesFiltering - Copying 2 resources from src\main\resources to target\classes
2025-03-03 08:50:37,378 [Worker-5: Building] INFO  o.a.m.s.f.DefaultMavenResourcesFiltering - skip non existing resourceDirectory C:\Users\Amit\Downloads\Job Portal\Job-Portal\src\test\resources
2025-03-04 11:06:54,673 [Worker-2: Loading available Gradle versions] INFO  o.e.b.c.i.u.g.PublishedGradleVersions - Gradle version information cache is out-of-date. Trying to update.
2025-03-05 09:14:32,397 [Worker-4: Loading available Gradle versions] INFO  o.e.b.c.i.u.g.PublishedGradleVersions - Gradle version information cache is up-to-date. Trying to read.
2025-03-08 09:52:04,331 [Worker-7: Loading available Gradle versions] INFO  o.e.b.c.i.u.g.PublishedGradleVersions - Gradle version information cache is out-of-date. Trying to update.
2025-03-08 09:52:17,606 [Worker-7: Loading available Gradle versions] INFO  o.e.b.c.i.u.g.PublishedGradleVersions - Updating Gradle version information cache failed. Using outdated cache.
2025-03-17 07:35:08,345 [Worker-5: Loading available Gradle versions] INFO  o.e.b.c.i.u.g.PublishedGradleVersions - Gradle version information cache is out-of-date. Trying to update.
2025-03-17 08:36:56,605 [Worker-6: Building] INFO  o.a.m.s.f.DefaultMavenResourcesFiltering - Copying 1 resource from src\main\resources to target\classes
2025-03-17 08:36:56,635 [Worker-6: Building] INFO  o.a.m.s.f.DefaultMavenResourcesFiltering - Copying 2 resources from src\main\resources to target\classes
2025-03-17 08:36:56,640 [Worker-6: Building] INFO  o.a.m.s.f.DefaultMavenResourcesFiltering - skip non existing resourceDirectory C:\Users\Amit\Downloads\Job Portal\Job-Portal\src\test\resources
2025-03-17 08:37:46,350 [Worker-6: Building] INFO  o.a.m.s.f.DefaultMavenResourcesFiltering - Copying 1 resource from src\main\resources to target\classes
2025-03-17 08:37:46,358 [Worker-6: Building] INFO  o.a.m.s.f.DefaultMavenResourcesFiltering - Copying 2 resources from src\main\resources to target\classes
2025-03-17 08:37:46,366 [Worker-6: Building] INFO  o.a.m.s.f.DefaultMavenResourcesFiltering - skip non existing resourceDirectory C:\Users\Amit\Downloads\Job Portal\Job-Portal\src\test\resources
2025-03-17 08:58:43,246 [Worker-0: Building] INFO  o.a.m.s.f.DefaultMavenResourcesFiltering - Copying 1 resource from src\main\resources to target\classes
2025-03-17 08:58:43,285 [Worker-0: Building] INFO  o.a.m.s.f.DefaultMavenResourcesFiltering - Copying 2 resources from src\main\resources to target\classes
2025-03-17 08:58:43,300 [Worker-0: Building] INFO  o.a.m.s.f.DefaultMavenResourcesFiltering - skip non existing resourceDirectory C:\Users\Amit\Downloads\Job Portal\Job-Portal\src\test\resources
2025-03-17 09:00:45,304 [Worker-1: Building] INFO  o.a.m.s.f.DefaultMavenResourcesFiltering - Copying 1 resource from src\main\resources to target\classes
2025-03-17 09:00:45,314 [Worker-1: Building] INFO  o.a.m.s.f.DefaultMavenResourcesFiltering - Copying 2 resources from src\main\resources to target\classes
2025-03-17 09:00:45,324 [Worker-1: Building] INFO  o.a.m.s.f.DefaultMavenResourcesFiltering - skip non existing resourceDirectory C:\Users\Amit\Downloads\Job Portal\Job-Portal\src\test\resources
2025-03-17 09:01:38,442 [Worker-6: Launching Job-Portal - JobPortalApplication] INFO  o.a.m.s.f.DefaultMavenResourcesFiltering - Copying 1 resource from src\main\resources to target\classes
2025-03-17 09:01:38,452 [Worker-6: Launching Job-Portal - JobPortalApplication] INFO  o.a.m.s.f.DefaultMavenResourcesFiltering - Copying 2 resources from src\main\resources to target\classes
2025-03-17 09:01:38,461 [Worker-6: Launching Job-Portal - JobPortalApplication] INFO  o.a.m.s.f.DefaultMavenResourcesFiltering - skip non existing resourceDirectory C:\Users\Amit\Downloads\Job Portal\Job-Portal\src\test\resources
2025-03-17 09:08:47,598 [Worker-8: Building] INFO  o.a.m.s.f.DefaultMavenResourcesFiltering - Copying 1 resource from src\main\resources to target\classes
2025-03-17 09:08:47,609 [Worker-8: Building] INFO  o.a.m.s.f.DefaultMavenResourcesFiltering - Copying 2 resources from src\main\resources to target\classes
2025-03-17 09:08:47,625 [Worker-8: Building] INFO  o.a.m.s.f.DefaultMavenResourcesFiltering - skip non existing resourceDirectory C:\Users\Amit\Downloads\Job Portal\Job-Portal\src\test\resources
2025-03-17 09:11:23,973 [Worker-3: Building] INFO  o.a.m.s.f.DefaultMavenResourcesFiltering - Copying 1 resource from src\main\resources to target\classes
2025-03-17 09:11:23,995 [Worker-3: Building] INFO  o.a.m.s.f.DefaultMavenResourcesFiltering - Copying 2 resources from src\main\resources to target\classes
2025-03-17 09:11:24,002 [Worker-3: Building] INFO  o.a.m.s.f.DefaultMavenResourcesFiltering - skip non existing resourceDirectory C:\Users\Amit\Downloads\Job Portal\Job-Portal\src\test\resources
2025-03-17 09:12:37,602 [Worker-10: Launching Job-Portal - JobPortalApplication] INFO  o.a.m.s.f.DefaultMavenResourcesFiltering - Copying 1 resource from src\main\resources to target\classes
2025-03-17 09:12:37,612 [Worker-10: Launching Job-Portal - JobPortalApplication] INFO  o.a.m.s.f.DefaultMavenResourcesFiltering - Copying 2 resources from src\main\resources to target\classes
2025-03-17 09:12:37,621 [Worker-10: Launching Job-Portal - JobPortalApplication] INFO  o.a.m.s.f.DefaultMavenResourcesFiltering - skip non existing resourceDirectory C:\Users\Amit\Downloads\Job Portal\Job-Portal\src\test\resources
2025-03-17 09:13:19,402 [Worker-14: Building] INFO  o.a.m.s.f.DefaultMavenResourcesFiltering - Copying 1 resource from src\main\resources to target\classes
2025-03-17 09:13:19,411 [Worker-14: Building] INFO  o.a.m.s.f.DefaultMavenResourcesFiltering - Copying 2 resources from src\main\resources to target\classes
2025-03-17 09:13:19,418 [Worker-14: Building] INFO  o.a.m.s.f.DefaultMavenResourcesFiltering - skip non existing resourceDirectory C:\Users\Amit\Downloads\Job Portal\Job-Portal\src\test\resources
2025-03-17 09:35:29,535 [Worker-11: Building] INFO  o.a.m.s.f.DefaultMavenResourcesFiltering - Copying 1 resource from src\main\resources to target\classes
2025-03-17 09:35:29,541 [Worker-11: Building] INFO  o.a.m.s.f.DefaultMavenResourcesFiltering - Copying 2 resources from src\main\resources to target\classes
2025-03-17 09:35:29,544 [Worker-11: Building] INFO  o.a.m.s.f.DefaultMavenResourcesFiltering - skip non existing resourceDirectory C:\Users\Amit\Downloads\Job Portal\Job-Portal\src\test\resources
2025-03-17 09:35:32,674 [Worker-0: Building] INFO  o.a.m.s.f.DefaultMavenResourcesFiltering - Copying 1 resource from src\main\resources to target\classes
2025-03-17 09:35:32,693 [Worker-0: Building] INFO  o.a.m.s.f.DefaultMavenResourcesFiltering - Copying 2 resources from src\main\resources to target\classes
2025-03-17 09:35:32,700 [Worker-0: Building] INFO  o.a.m.s.f.DefaultMavenResourcesFiltering - skip non existing resourceDirectory C:\Users\Amit\Downloads\Job Portal\Job-Portal\src\test\resources
2025-03-17 09:37:00,853 [Worker-9: Building] INFO  o.a.m.s.f.DefaultMavenResourcesFiltering - Copying 1 resource from src\main\resources to target\classes
2025-03-17 09:37:00,857 [Worker-9: Building] INFO  o.a.m.s.f.DefaultMavenResourcesFiltering - Copying 2 resources from src\main\resources to target\classes
2025-03-17 09:37:00,860 [Worker-9: Building] INFO  o.a.m.s.f.DefaultMavenResourcesFiltering - skip non existing resourceDirectory C:\Users\Amit\Downloads\Job Portal\Job-Portal\src\test\resources
2025-03-17 09:39:43,817 [Worker-9: Building] INFO  o.a.m.s.f.DefaultMavenResourcesFiltering - Copying 1 resource from src\main\resources to target\classes
2025-03-17 09:39:43,825 [Worker-9: Building] INFO  o.a.m.s.f.DefaultMavenResourcesFiltering - Copying 2 resources from src\main\resources to target\classes
2025-03-17 09:39:43,828 [Worker-9: Building] INFO  o.a.m.s.f.DefaultMavenResourcesFiltering - skip non existing resourceDirectory C:\Users\Amit\Downloads\Job Portal\Job-Portal\src\test\resources
2025-03-17 09:40:01,442 [Worker-0: Building] INFO  o.a.m.s.f.DefaultMavenResourcesFiltering - Copying 1 resource from src\main\resources to target\classes
2025-03-17 09:40:01,447 [Worker-0: Building] INFO  o.a.m.s.f.DefaultMavenResourcesFiltering - Copying 2 resources from src\main\resources to target\classes
2025-03-17 09:40:01,451 [Worker-0: Building] INFO  o.a.m.s.f.DefaultMavenResourcesFiltering - skip non existing resourceDirectory C:\Users\Amit\Downloads\Job Portal\Job-Portal\src\test\resources
2025-03-17 09:40:09,517 [Worker-13: Launching Job-Portal - JobPortalApplication] INFO  o.a.m.s.f.DefaultMavenResourcesFiltering - Copying 1 resource from src\main\resources to target\classes
2025-03-17 09:40:09,524 [Worker-13: Launching Job-Portal - JobPortalApplication] INFO  o.a.m.s.f.DefaultMavenResourcesFiltering - Copying 2 resources from src\main\resources to target\classes
2025-03-17 09:40:09,529 [Worker-13: Launching Job-Portal - JobPortalApplication] INFO  o.a.m.s.f.DefaultMavenResourcesFiltering - skip non existing resourceDirectory C:\Users\Amit\Downloads\Job Portal\Job-Portal\src\test\resources
2025-03-17 09:50:56,603 [Worker-7: Building] INFO  o.a.m.s.f.DefaultMavenResourcesFiltering - Copying 1 resource from src\main\resources to target\classes
2025-03-17 09:50:56,617 [Worker-7: Building] INFO  o.a.m.s.f.DefaultMavenResourcesFiltering - Copying 2 resources from src\main\resources to target\classes
2025-03-17 09:50:56,625 [Worker-7: Building] INFO  o.a.m.s.f.DefaultMavenResourcesFiltering - skip non existing resourceDirectory C:\Users\Amit\Downloads\Job Portal\Job-Portal\src\test\resources
2025-03-17 09:51:25,195 [Worker-8: Building] INFO  o.a.m.s.f.DefaultMavenResourcesFiltering - Copying 1 resource from src\main\resources to target\classes
2025-03-17 09:51:25,200 [Worker-8: Building] INFO  o.a.m.s.f.DefaultMavenResourcesFiltering - Copying 2 resources from src\main\resources to target\classes
2025-03-17 09:51:25,204 [Worker-8: Building] INFO  o.a.m.s.f.DefaultMavenResourcesFiltering - skip non existing resourceDirectory C:\Users\Amit\Downloads\Job Portal\Job-Portal\src\test\resources
2025-03-17 10:00:44,599 [Worker-6: Building] INFO  o.a.m.s.f.DefaultMavenResourcesFiltering - Copying 1 resource from src\main\resources to target\classes
2025-03-17 10:00:44,606 [Worker-6: Building] INFO  o.a.m.s.f.DefaultMavenResourcesFiltering - Copying 2 resources from src\main\resources to target\classes
2025-03-17 10:00:44,611 [Worker-6: Building] INFO  o.a.m.s.f.DefaultMavenResourcesFiltering - skip non existing resourceDirectory C:\Users\Amit\Downloads\Job Portal\Job-Portal\src\test\resources
2025-03-18 16:49:21,170 [Worker-5: Loading available Gradle versions] INFO  o.e.b.c.i.u.g.PublishedGradleVersions - Gradle version information cache is out-of-date. Trying to update.
2025-03-20 16:31:15,066 [Worker-2: Loading available Gradle versions] INFO  o.e.b.c.i.u.g.PublishedGradleVersions - Gradle version information cache is out-of-date. Trying to update.
2025-03-22 08:26:20,216 [Worker-2: Loading available Gradle versions] INFO  o.e.b.c.i.u.g.PublishedGradleVersions - Gradle version information cache is out-of-date. Trying to update.
2025-03-22 08:26:36,942 [Worker-2: Launching Job-Portal - JobPortalApplication] INFO  o.a.m.s.f.DefaultMavenResourcesFiltering - Copying 1 resource from src\main\resources to target\classes
2025-03-22 08:26:36,981 [Worker-2: Launching Job-Portal - JobPortalApplication] INFO  o.a.m.s.f.DefaultMavenResourcesFiltering - Copying 2 resources from src\main\resources to target\classes
2025-03-22 08:26:36,998 [Worker-2: Launching Job-Portal - JobPortalApplication] INFO  o.a.m.s.f.DefaultMavenResourcesFiltering - skip non existing resourceDirectory C:\Users\Amit\Downloads\Job Portal\Job-Portal\src\test\resources
2025-03-22 08:42:53,775 [Worker-4: Building] INFO  o.a.m.s.f.DefaultMavenResourcesFiltering - Copying 1 resource from src\main\resources to target\classes
2025-03-22 08:42:53,804 [Worker-4: Building] INFO  o.a.m.s.f.DefaultMavenResourcesFiltering - Copying 2 resources from src\main\resources to target\classes
2025-03-22 08:42:53,837 [Worker-4: Building] INFO  o.a.m.s.f.DefaultMavenResourcesFiltering - skip non existing resourceDirectory C:\Users\Amit\Downloads\Job Portal\Job-Portal\src\test\resources
2025-03-22 10:57:03,974 [Worker-2: Launching Job-Portal - JobPortalApplication] INFO  o.a.m.s.f.DefaultMavenResourcesFiltering - Copying 1 resource from src\main\resources to target\classes
2025-03-22 10:57:04,043 [Worker-2: Launching Job-Portal - JobPortalApplication] INFO  o.a.m.s.f.DefaultMavenResourcesFiltering - Copying 2 resources from src\main\resources to target\classes
2025-03-22 10:57:04,052 [Worker-2: Launching Job-Portal - JobPortalApplication] INFO  o.a.m.s.f.DefaultMavenResourcesFiltering - skip non existing resourceDirectory C:\Users\Amit\Downloads\Job Portal\Job-Portal\src\test\resources
2025-03-23 12:43:45,398 [Worker-4: Loading available Gradle versions] INFO  o.e.b.c.i.u.g.PublishedGradleVersions - Gradle version information cache is out-of-date. Trying to update.
2025-03-24 11:17:08,415 [Worker-6: Loading available Gradle versions] INFO  o.e.b.c.i.u.g.PublishedGradleVersions - Gradle version information cache is up-to-date. Trying to read.
2025-03-24 12:18:10,041 [Worker-13: Building] INFO  o.a.m.s.f.DefaultMavenResourcesFiltering - Copying 1 resource from src\main\resources to target\classes
2025-03-24 12:18:10,088 [Worker-13: Building] INFO  o.a.m.s.f.DefaultMavenResourcesFiltering - Copying 2 resources from src\main\resources to target\classes
2025-03-24 12:18:10,098 [Worker-13: Building] INFO  o.a.m.s.f.DefaultMavenResourcesFiltering - skip non existing resourceDirectory C:\Users\Amit\Downloads\Job Portal\Job-Portal\src\test\resources
2025-03-24 12:19:20,092 [Worker-8: Building] INFO  o.a.m.s.f.DefaultMavenResourcesFiltering - Copying 1 resource from src\main\resources to target\classes
2025-03-24 12:19:20,102 [Worker-8: Building] INFO  o.a.m.s.f.DefaultMavenResourcesFiltering - Copying 2 resources from src\main\resources to target\classes
2025-03-24 12:19:20,110 [Worker-8: Building] INFO  o.a.m.s.f.DefaultMavenResourcesFiltering - skip non existing resourceDirectory C:\Users\Amit\Downloads\Job Portal\Job-Portal\src\test\resources
2025-03-24 12:20:01,039 [Worker-19: Building] INFO  o.a.m.s.f.DefaultMavenResourcesFiltering - Copying 1 resource from src\main\resources to target\classes
2025-03-24 12:20:01,048 [Worker-19: Building] INFO  o.a.m.s.f.DefaultMavenResourcesFiltering - Copying 2 resources from src\main\resources to target\classes
2025-03-24 12:20:01,062 [Worker-19: Building] INFO  o.a.m.s.f.DefaultMavenResourcesFiltering - skip non existing resourceDirectory C:\Users\Amit\Downloads\Job Portal\Job-Portal\src\test\resources
2025-03-24 12:22:06,488 [Worker-8: Building] INFO  o.a.m.s.f.DefaultMavenResourcesFiltering - Copying 1 resource from src\main\resources to target\classes
2025-03-24 12:22:06,495 [Worker-8: Building] INFO  o.a.m.s.f.DefaultMavenResourcesFiltering - Copying 2 resources from src\main\resources to target\classes
2025-03-24 12:22:06,502 [Worker-8: Building] INFO  o.a.m.s.f.DefaultMavenResourcesFiltering - skip non existing resourceDirectory C:\Users\Amit\Downloads\Job Portal\Job-Portal\src\test\resources
2025-03-24 12:32:08,437 [Worker-8: Building] INFO  o.a.m.s.f.DefaultMavenResourcesFiltering - Copying 1 resource from src\main\resources to target\classes
2025-03-24 12:32:08,447 [Worker-8: Building] INFO  o.a.m.s.f.DefaultMavenResourcesFiltering - Copying 2 resources from src\main\resources to target\classes
2025-03-24 12:32:08,454 [Worker-8: Building] INFO  o.a.m.s.f.DefaultMavenResourcesFiltering - skip non existing resourceDirectory C:\Users\Amit\Downloads\Job Portal\Job-Portal\src\test\resources
2025-03-24 12:34:11,059 [Worker-19: Building] INFO  o.a.m.s.f.DefaultMavenResourcesFiltering - Copying 1 resource from src\main\resources to target\classes
2025-03-24 12:34:11,066 [Worker-19: Building] INFO  o.a.m.s.f.DefaultMavenResourcesFiltering - Copying 2 resources from src\main\resources to target\classes
2025-03-24 12:34:11,074 [Worker-19: Building] INFO  o.a.m.s.f.DefaultMavenResourcesFiltering - skip non existing resourceDirectory C:\Users\Amit\Downloads\Job Portal\Job-Portal\src\test\resources
2025-03-24 12:34:21,102 [Worker-19: Building] INFO  o.a.m.s.f.DefaultMavenResourcesFiltering - Copying 1 resource from src\main\resources to target\classes
2025-03-24 12:34:21,117 [Worker-19: Building] INFO  o.a.m.s.f.DefaultMavenResourcesFiltering - Copying 2 resources from src\main\resources to target\classes
2025-03-24 12:34:21,138 [Worker-19: Building] INFO  o.a.m.s.f.DefaultMavenResourcesFiltering - skip non existing resourceDirectory C:\Users\Amit\Downloads\Job Portal\Job-Portal\src\test\resources
2025-03-24 21:47:10,800 [Worker-29: Building] INFO  o.a.m.s.f.DefaultMavenResourcesFiltering - Copying 1 resource from src\main\resources to target\classes
2025-03-24 21:47:10,812 [Worker-29: Building] INFO  o.a.m.s.f.DefaultMavenResourcesFiltering - Copying 2 resources from src\main\resources to target\classes
2025-03-24 21:47:10,820 [Worker-29: Building] INFO  o.a.m.s.f.DefaultMavenResourcesFiltering - skip non existing resourceDirectory C:\Users\Amit\Downloads\Job Portal\Job-Portal\src\test\resources
2025-03-25 22:36:05,451 [Worker-0: Loading available Gradle versions] INFO  o.e.b.c.i.u.g.PublishedGradleVersions - Gradle version information cache is out-of-date. Trying to update.
2025-03-30 11:59:43,536 [Worker-4: Loading available Gradle versions] INFO  o.e.b.c.i.u.g.PublishedGradleVersions - Gradle version information cache is out-of-date. Trying to update.
2025-03-30 12:06:45,175 [Worker-6: Launching Job-Portal - JobPortalApplication] INFO  o.a.m.s.f.DefaultMavenResourcesFiltering - Copying 1 resource from src\main\resources to target\classes
2025-03-30 12:06:45,200 [Worker-6: Launching Job-Portal - JobPortalApplication] INFO  o.a.m.s.f.DefaultMavenResourcesFiltering - Copying 2 resources from src\main\resources to target\classes
2025-03-30 12:06:45,217 [Worker-6: Launching Job-Portal - JobPortalApplication] INFO  o.a.m.s.f.DefaultMavenResourcesFiltering - skip non existing resourceDirectory C:\Users\Amit\Downloads\Job Portal\Job-Portal\src\test\resources
2025-04-01 10:51:08,400 [Worker-1: Loading available Gradle versions] INFO  o.e.b.c.i.u.g.PublishedGradleVersions - Gradle version information cache is out-of-date. Trying to update.
2025-04-01 11:07:57,361 [Worker-6: Building] INFO  o.a.m.s.f.DefaultMavenResourcesFiltering - Copying 1 resource from src\main\resources to target\classes
2025-04-01 11:07:57,394 [Worker-6: Building] INFO  o.a.m.s.f.DefaultMavenResourcesFiltering - Copying 2 resources from src\main\resources to target\classes
2025-04-01 11:07:57,404 [Worker-6: Building] INFO  o.a.m.s.f.DefaultMavenResourcesFiltering - skip non existing resourceDirectory C:\Users\Amit\Downloads\Job Portal\Job-Portal\src\test\resources
2025-04-01 11:10:10,914 [Worker-10: Building] INFO  o.a.m.s.f.DefaultMavenResourcesFiltering - Copying 1 resource from src\main\resources to target\classes
2025-04-01 11:10:10,924 [Worker-10: Building] INFO  o.a.m.s.f.DefaultMavenResourcesFiltering - Copying 2 resources from src\main\resources to target\classes
2025-04-01 11:10:10,930 [Worker-10: Building] INFO  o.a.m.s.f.DefaultMavenResourcesFiltering - skip non existing resourceDirectory C:\Users\Amit\Downloads\Job Portal\Job-Portal\src\test\resources
2025-04-01 17:23:00,861 [Worker-1: Launching Job-Portal - JobPortalApplication] INFO  o.a.m.s.f.DefaultMavenResourcesFiltering - Copying 1 resource from src\main\resources to target\classes
2025-04-01 17:23:00,903 [Worker-1: Launching Job-Portal - JobPortalApplication] INFO  o.a.m.s.f.DefaultMavenResourcesFiltering - Copying 2 resources from src\main\resources to target\classes
2025-04-01 17:23:00,915 [Worker-1: Launching Job-Portal - JobPortalApplication] INFO  o.a.m.s.f.DefaultMavenResourcesFiltering - skip non existing resourceDirectory C:\Users\Amit\Downloads\Job Portal\Job-Portal\src\test\resources
2025-04-01 18:09:05,652 [Worker-1: Building] INFO  o.a.m.s.f.DefaultMavenResourcesFiltering - Copying 1 resource from src\main\resources to target\classes
2025-04-01 18:09:05,658 [Worker-1: Building] INFO  o.a.m.s.f.DefaultMavenResourcesFiltering - Copying 2 resources from src\main\resources to target\classes
2025-04-01 18:09:05,663 [Worker-1: Building] INFO  o.a.m.s.f.DefaultMavenResourcesFiltering - skip non existing resourceDirectory C:\Users\Amit\Downloads\Job Portal\Job-Portal\src\test\resources
2025-04-01 18:09:30,434 [Worker-1: Building] INFO  o.a.m.s.f.DefaultMavenResourcesFiltering - Copying 1 resource from src\main\resources to target\classes
2025-04-01 18:09:30,441 [Worker-1: Building] INFO  o.a.m.s.f.DefaultMavenResourcesFiltering - Copying 2 resources from src\main\resources to target\classes
2025-04-01 18:09:30,446 [Worker-1: Building] INFO  o.a.m.s.f.DefaultMavenResourcesFiltering - skip non existing resourceDirectory C:\Users\Amit\Downloads\Job Portal\Job-Portal\src\test\resources
2025-04-01 18:09:49,750 [Worker-10: Launching Job-Portal - JobPortalApplication] INFO  o.a.m.s.f.DefaultMavenResourcesFiltering - Copying 1 resource from src\main\resources to target\classes
2025-04-01 18:09:49,758 [Worker-10: Launching Job-Portal - JobPortalApplication] INFO  o.a.m.s.f.DefaultMavenResourcesFiltering - Copying 2 resources from src\main\resources to target\classes
2025-04-01 18:09:49,764 [Worker-10: Launching Job-Portal - JobPortalApplication] INFO  o.a.m.s.f.DefaultMavenResourcesFiltering - skip non existing resourceDirectory C:\Users\Amit\Downloads\Job Portal\Job-Portal\src\test\resources
2025-04-01 18:15:15,297 [Worker-13: Building] INFO  o.a.m.s.f.DefaultMavenResourcesFiltering - Copying 1 resource from src\main\resources to target\classes
2025-04-01 18:15:15,309 [Worker-13: Building] INFO  o.a.m.s.f.DefaultMavenResourcesFiltering - Copying 2 resources from src\main\resources to target\classes
2025-04-01 18:15:15,320 [Worker-13: Building] INFO  o.a.m.s.f.DefaultMavenResourcesFiltering - skip non existing resourceDirectory C:\Users\Amit\Downloads\Job Portal\Job-Portal\src\test\resources
2025-04-01 18:45:14,243 [Worker-13: Building] INFO  o.a.m.s.f.DefaultMavenResourcesFiltering - Copying 1 resource from src\main\resources to target\classes
2025-04-01 18:45:14,254 [Worker-13: Building] INFO  o.a.m.s.f.DefaultMavenResourcesFiltering - Copying 2 resources from src\main\resources to target\classes
2025-04-01 18:45:14,262 [Worker-13: Building] INFO  o.a.m.s.f.DefaultMavenResourcesFiltering - skip non existing resourceDirectory C:\Users\Amit\Downloads\Job Portal\Job-Portal\src\test\resources
2025-04-01 18:45:35,382 [Worker-14: Launching Job-Portal - JobPortalApplication] INFO  o.a.m.s.f.DefaultMavenResourcesFiltering - Copying 1 resource from src\main\resources to target\classes
2025-04-01 18:45:35,389 [Worker-14: Launching Job-Portal - JobPortalApplication] INFO  o.a.m.s.f.DefaultMavenResourcesFiltering - Copying 2 resources from src\main\resources to target\classes
2025-04-01 18:45:35,400 [Worker-14: Launching Job-Portal - JobPortalApplication] INFO  o.a.m.s.f.DefaultMavenResourcesFiltering - skip non existing resourceDirectory C:\Users\Amit\Downloads\Job Portal\Job-Portal\src\test\resources
2025-04-01 19:03:54,426 [Worker-18: Building] INFO  o.a.m.s.f.DefaultMavenResourcesFiltering - Copying 1 resource from src\main\resources to target\classes
2025-04-01 19:03:54,440 [Worker-18: Building] INFO  o.a.m.s.f.DefaultMavenResourcesFiltering - Copying 2 resources from src\main\resources to target\classes
2025-04-01 19:03:54,527 [Worker-18: Building] INFO  o.a.m.s.f.DefaultMavenResourcesFiltering - skip non existing resourceDirectory C:\Users\Amit\Downloads\Job Portal\Job-Portal\src\test\resources
2025-04-01 19:12:41,196 [Worker-3: Building] INFO  o.a.m.s.f.DefaultMavenResourcesFiltering - Copying 1 resource from src\main\resources to target\classes
2025-04-01 19:12:41,206 [Worker-3: Building] INFO  o.a.m.s.f.DefaultMavenResourcesFiltering - Copying 2 resources from src\main\resources to target\classes
2025-04-01 19:12:41,214 [Worker-3: Building] INFO  o.a.m.s.f.DefaultMavenResourcesFiltering - skip non existing resourceDirectory C:\Users\Amit\Downloads\Job Portal\Job-Portal\src\test\resources
2025-04-01 19:18:21,737 [Worker-17: Building] INFO  o.a.m.s.f.DefaultMavenResourcesFiltering - Copying 1 resource from src\main\resources to target\classes
2025-04-01 19:18:21,747 [Worker-17: Building] INFO  o.a.m.s.f.DefaultMavenResourcesFiltering - Copying 2 resources from src\main\resources to target\classes
2025-04-01 19:18:21,754 [Worker-17: Building] INFO  o.a.m.s.f.DefaultMavenResourcesFiltering - skip non existing resourceDirectory C:\Users\Amit\Downloads\Job Portal\Job-Portal\src\test\resources
2025-04-01 19:28:46,126 [Worker-15: Building] INFO  o.a.m.s.f.DefaultMavenResourcesFiltering - Copying 1 resource from src\main\resources to target\classes
2025-04-01 19:28:46,138 [Worker-15: Building] INFO  o.a.m.s.f.DefaultMavenResourcesFiltering - Copying 2 resources from src\main\resources to target\classes
2025-04-01 19:28:46,186 [Worker-15: Building] INFO  o.a.m.s.f.DefaultMavenResourcesFiltering - skip non existing resourceDirectory C:\Users\Amit\Downloads\Job Portal\Job-Portal\src\test\resources
2025-04-01 19:31:45,812 [Worker-1: Building] INFO  o.a.m.s.f.DefaultMavenResourcesFiltering - Copying 1 resource from src\main\resources to target\classes
2025-04-01 19:31:45,822 [Worker-1: Building] INFO  o.a.m.s.f.DefaultMavenResourcesFiltering - Copying 2 resources from src\main\resources to target\classes
2025-04-01 19:31:45,827 [Worker-1: Building] INFO  o.a.m.s.f.DefaultMavenResourcesFiltering - skip non existing resourceDirectory C:\Users\Amit\Downloads\Job Portal\Job-Portal\src\test\resources
2025-04-01 19:41:24,188 [Worker-16: Launching Job-Portal - JobPortalApplication] INFO  o.a.m.s.f.DefaultMavenResourcesFiltering - Copying 1 resource from src\main\resources to target\classes
2025-04-01 19:41:24,201 [Worker-16: Launching Job-Portal - JobPortalApplication] INFO  o.a.m.s.f.DefaultMavenResourcesFiltering - Copying 2 resources from src\main\resources to target\classes
2025-04-01 19:41:24,209 [Worker-16: Launching Job-Portal - JobPortalApplication] INFO  o.a.m.s.f.DefaultMavenResourcesFiltering - skip non existing resourceDirectory C:\Users\Amit\Downloads\Job Portal\Job-Portal\src\test\resources
2025-04-01 19:42:56,200 [Worker-14: Building] INFO  o.a.m.s.f.DefaultMavenResourcesFiltering - Copying 1 resource from src\main\resources to target\classes
2025-04-01 19:42:56,205 [Worker-14: Building] INFO  o.a.m.s.f.DefaultMavenResourcesFiltering - Copying 2 resources from src\main\resources to target\classes
2025-04-01 19:42:56,209 [Worker-14: Building] INFO  o.a.m.s.f.DefaultMavenResourcesFiltering - skip non existing resourceDirectory C:\Users\Amit\Downloads\Job Portal\Job-Portal\src\test\resources
2025-04-01 19:50:10,485 [Worker-14: Building] INFO  o.a.m.s.f.DefaultMavenResourcesFiltering - Copying 1 resource from src\main\resources to target\classes
2025-04-01 19:50:10,491 [Worker-14: Building] INFO  o.a.m.s.f.DefaultMavenResourcesFiltering - Copying 2 resources from src\main\resources to target\classes
2025-04-01 19:50:10,495 [Worker-14: Building] INFO  o.a.m.s.f.DefaultMavenResourcesFiltering - skip non existing resourceDirectory C:\Users\Amit\Downloads\Job Portal\Job-Portal\src\test\resources
2025-04-01 19:50:52,175 [Worker-11: Building] INFO  o.a.m.s.f.DefaultMavenResourcesFiltering - Copying 1 resource from src\main\resources to target\classes
2025-04-01 19:50:52,180 [Worker-11: Building] INFO  o.a.m.s.f.DefaultMavenResourcesFiltering - Copying 2 resources from src\main\resources to target\classes
2025-04-01 19:50:52,183 [Worker-11: Building] INFO  o.a.m.s.f.DefaultMavenResourcesFiltering - skip non existing resourceDirectory C:\Users\Amit\Downloads\Job Portal\Job-Portal\src\test\resources
2025-04-01 19:52:34,854 [Worker-10: Building] INFO  o.a.m.s.f.DefaultMavenResourcesFiltering - Copying 1 resource from src\main\resources to target\classes
2025-04-01 19:52:34,861 [Worker-10: Building] INFO  o.a.m.s.f.DefaultMavenResourcesFiltering - Copying 2 resources from src\main\resources to target\classes
2025-04-01 19:52:34,863 [Worker-10: Building] INFO  o.a.m.s.f.DefaultMavenResourcesFiltering - skip non existing resourceDirectory C:\Users\Amit\Downloads\Job Portal\Job-Portal\src\test\resources
2025-04-01 19:53:05,853 [Worker-18: Launching Job-Portal - JobPortalApplication] INFO  o.a.m.s.f.DefaultMavenResourcesFiltering - Copying 1 resource from src\main\resources to target\classes
2025-04-01 19:53:05,862 [Worker-18: Launching Job-Portal - JobPortalApplication] INFO  o.a.m.s.f.DefaultMavenResourcesFiltering - Copying 2 resources from src\main\resources to target\classes
2025-04-01 19:53:05,865 [Worker-18: Launching Job-Portal - JobPortalApplication] INFO  o.a.m.s.f.DefaultMavenResourcesFiltering - skip non existing resourceDirectory C:\Users\Amit\Downloads\Job Portal\Job-Portal\src\test\resources
2025-04-02 08:43:37,099 [Worker-2: Loading available Gradle versions] INFO  o.e.b.c.i.u.g.PublishedGradleVersions - Gradle version information cache is up-to-date. Trying to read.
2025-04-02 08:44:28,739 [Worker-2: Launching Job-Portal - JobPortalApplication] INFO  o.a.m.s.f.DefaultMavenResourcesFiltering - Copying 1 resource from src\main\resources to target\classes
2025-04-02 08:44:28,759 [Worker-2: Launching Job-Portal - JobPortalApplication] INFO  o.a.m.s.f.DefaultMavenResourcesFiltering - Copying 2 resources from src\main\resources to target\classes
2025-04-02 08:44:28,765 [Worker-2: Launching Job-Portal - JobPortalApplication] INFO  o.a.m.s.f.DefaultMavenResourcesFiltering - skip non existing resourceDirectory C:\Users\Amit\Downloads\Job Portal\Job-Portal\src\test\resources
2025-04-02 11:38:18,842 [Worker-10: Building] INFO  o.a.m.s.f.DefaultMavenResourcesFiltering - Copying 1 resource from src\main\resources to target\classes
2025-04-02 11:38:18,856 [Worker-10: Building] INFO  o.a.m.s.f.DefaultMavenResourcesFiltering - Copying 2 resources from src\main\resources to target\classes
2025-04-02 11:38:18,860 [Worker-10: Building] INFO  o.a.m.s.f.DefaultMavenResourcesFiltering - skip non existing resourceDirectory C:\Users\Amit\Downloads\Job Portal\Job-Portal\src\test\resources
2025-04-02 11:46:37,945 [Worker-17: Building] INFO  o.a.m.s.f.DefaultMavenResourcesFiltering - Copying 1 resource from src\main\resources to target\classes
2025-04-02 11:46:37,959 [Worker-17: Building] INFO  o.a.m.s.f.DefaultMavenResourcesFiltering - Copying 2 resources from src\main\resources to target\classes
2025-04-02 11:46:37,963 [Worker-17: Building] INFO  o.a.m.s.f.DefaultMavenResourcesFiltering - skip non existing resourceDirectory C:\Users\Amit\Downloads\Job Portal\Job-Portal\src\test\resources
2025-04-02 12:18:42,757 [Worker-20: Building] INFO  o.a.m.s.f.DefaultMavenResourcesFiltering - Copying 1 resource from src\main\resources to target\classes
2025-04-02 12:18:42,765 [Worker-20: Building] INFO  o.a.m.s.f.DefaultMavenResourcesFiltering - Copying 2 resources from src\main\resources to target\classes
2025-04-02 12:18:42,770 [Worker-20: Building] INFO  o.a.m.s.f.DefaultMavenResourcesFiltering - skip non existing resourceDirectory C:\Users\Amit\Downloads\Job Portal\Job-Portal\src\test\resources
2025-04-02 17:01:02,669 [Worker-21: Launching Job-Portal - JobPortalApplication] INFO  o.a.m.s.f.DefaultMavenResourcesFiltering - Copying 1 resource from src\main\resources to target\classes
2025-04-02 17:01:02,687 [Worker-21: Launching Job-Portal - JobPortalApplication] INFO  o.a.m.s.f.DefaultMavenResourcesFiltering - Copying 2 resources from src\main\resources to target\classes
2025-04-02 17:01:02,696 [Worker-21: Launching Job-Portal - JobPortalApplication] INFO  o.a.m.s.f.DefaultMavenResourcesFiltering - skip non existing resourceDirectory C:\Users\Amit\Downloads\Job Portal\Job-Portal\src\test\resources
2025-04-03 09:56:28,679 [Worker-4: Loading available Gradle versions] INFO  o.e.b.c.i.u.g.PublishedGradleVersions - Gradle version information cache is out-of-date. Trying to update.
2025-04-03 10:54:10,425 [Worker-8: Launching Job-Portal - JobPortalApplication] INFO  o.a.m.s.f.DefaultMavenResourcesFiltering - Copying 1 resource from src\main\resources to target\classes
2025-04-03 10:54:10,475 [Worker-8: Launching Job-Portal - JobPortalApplication] INFO  o.a.m.s.f.DefaultMavenResourcesFiltering - Copying 2 resources from src\main\resources to target\classes
2025-04-03 10:54:10,484 [Worker-8: Launching Job-Portal - JobPortalApplication] INFO  o.a.m.s.f.DefaultMavenResourcesFiltering - skip non existing resourceDirectory C:\Users\Amit\Downloads\Job Portal\Job-Portal\src\test\resources
2025-04-03 11:24:49,621 [Worker-2: Building] INFO  o.a.m.s.f.DefaultMavenResourcesFiltering - Copying 1 resource from src\main\resources to target\classes
2025-04-03 11:24:49,642 [Worker-2: Building] INFO  o.a.m.s.f.DefaultMavenResourcesFiltering - Copying 2 resources from src\main\resources to target\classes
2025-04-03 11:24:49,650 [Worker-2: Building] INFO  o.a.m.s.f.DefaultMavenResourcesFiltering - skip non existing resourceDirectory C:\Users\Amit\Downloads\Job Portal\Job-Portal\src\test\resources
2025-04-03 11:34:32,198 [Worker-8: Building] INFO  o.a.m.s.f.DefaultMavenResourcesFiltering - Copying 1 resource from src\main\resources to target\classes
2025-04-03 11:34:32,209 [Worker-8: Building] INFO  o.a.m.s.f.DefaultMavenResourcesFiltering - Copying 2 resources from src\main\resources to target\classes
2025-04-03 11:34:32,215 [Worker-8: Building] INFO  o.a.m.s.f.DefaultMavenResourcesFiltering - skip non existing resourceDirectory C:\Users\Amit\Downloads\Job Portal\Job-Portal\src\test\resources
2025-04-03 11:34:56,794 [Worker-1: Launching Job-Portal - JobPortalApplication] INFO  o.a.m.s.f.DefaultMavenResourcesFiltering - Copying 1 resource from src\main\resources to target\classes
2025-04-03 11:34:56,801 [Worker-1: Launching Job-Portal - JobPortalApplication] INFO  o.a.m.s.f.DefaultMavenResourcesFiltering - Copying 2 resources from src\main\resources to target\classes
2025-04-03 11:34:56,807 [Worker-1: Launching Job-Portal - JobPortalApplication] INFO  o.a.m.s.f.DefaultMavenResourcesFiltering - skip non existing resourceDirectory C:\Users\Amit\Downloads\Job Portal\Job-Portal\src\test\resources
2025-04-03 15:47:44,717 [Worker-1: Building] INFO  o.a.m.s.f.DefaultMavenResourcesFiltering - Copying 1 resource from src\main\resources to target\classes
2025-04-03 15:47:44,725 [Worker-1: Building] INFO  o.a.m.s.f.DefaultMavenResourcesFiltering - Copying 2 resources from src\main\resources to target\classes
2025-04-03 15:47:44,729 [Worker-1: Building] INFO  o.a.m.s.f.DefaultMavenResourcesFiltering - skip non existing resourceDirectory C:\Users\Amit\Downloads\Job Portal\Job-Portal\src\test\resources
2025-04-04 10:09:21,569 [Worker-5: Loading available Gradle versions] INFO  o.e.b.c.i.u.g.PublishedGradleVersions - Gradle version information cache is out-of-date. Trying to update.
2025-04-04 10:59:16,633 [Worker-6: Building] INFO  o.a.m.s.f.DefaultMavenResourcesFiltering - Copying 1 resource from src\main\resources to target\classes
2025-04-04 10:59:16,672 [Worker-6: Building] INFO  o.a.m.s.f.DefaultMavenResourcesFiltering - Copying 2 resources from src\main\resources to target\classes
2025-04-04 10:59:16,678 [Worker-6: Building] INFO  o.a.m.s.f.DefaultMavenResourcesFiltering - skip non existing resourceDirectory C:\Users\Amit\Downloads\Job Portal\Job-Portal\src\test\resources
2025-04-04 10:59:24,054 [Worker-15: Launching Job-Portal - JobPortalApplication] INFO  o.a.m.s.f.DefaultMavenResourcesFiltering - Copying 1 resource from src\main\resources to target\classes
2025-04-04 10:59:24,059 [Worker-15: Launching Job-Portal - JobPortalApplication] INFO  o.a.m.s.f.DefaultMavenResourcesFiltering - Copying 2 resources from src\main\resources to target\classes
2025-04-04 10:59:24,065 [Worker-15: Launching Job-Portal - JobPortalApplication] INFO  o.a.m.s.f.DefaultMavenResourcesFiltering - skip non existing resourceDirectory C:\Users\Amit\Downloads\Job Portal\Job-Portal\src\test\resources
2025-04-04 11:00:20,226 [Worker-17: Building] INFO  o.a.m.s.f.DefaultMavenResourcesFiltering - Copying 1 resource from src\main\resources to target\classes
2025-04-04 11:00:20,231 [Worker-17: Building] INFO  o.a.m.s.f.DefaultMavenResourcesFiltering - Copying 2 resources from src\main\resources to target\classes
2025-04-04 11:00:20,234 [Worker-17: Building] INFO  o.a.m.s.f.DefaultMavenResourcesFiltering - skip non existing resourceDirectory C:\Users\Amit\Downloads\Job Portal\Job-Portal\src\test\resources
2025-04-05 09:16:27,157 [Worker-4: Loading available Gradle versions] INFO  o.e.b.c.i.u.g.PublishedGradleVersions - Gradle version information cache is up-to-date. Trying to read.
2025-04-06 10:55:33,267 [Worker-4: Loading available Gradle versions] INFO  o.e.b.c.i.u.g.PublishedGradleVersions - Gradle version information cache is out-of-date. Trying to update.
2025-04-06 12:23:38,566 [Worker-13: Launching Job-Portal - JobPortalApplication] INFO  o.a.m.s.f.DefaultMavenResourcesFiltering - Copying 1 resource from src\main\resources to target\classes
2025-04-06 12:23:38,589 [Worker-13: Launching Job-Portal - JobPortalApplication] INFO  o.a.m.s.f.DefaultMavenResourcesFiltering - Copying 2 resources from src\main\resources to target\classes
2025-04-06 12:23:38,596 [Worker-13: Launching Job-Portal - JobPortalApplication] INFO  o.a.m.s.f.DefaultMavenResourcesFiltering - skip non existing resourceDirectory C:\Users\Amit\Downloads\Job Portal\Job-Portal\src\test\resources
2025-04-06 22:25:37,585 [Worker-5: Loading available Gradle versions] INFO  o.e.b.c.i.u.g.PublishedGradleVersions - Gradle version information cache is up-to-date. Trying to read.
2025-04-07 00:21:49,668 [Worker-6: Loading available Gradle versions] INFO  o.e.b.c.i.u.g.PublishedGradleVersions - Gradle version information cache is up-to-date. Trying to read.
2025-04-07 11:49:10,351 [Worker-1: Loading available Gradle versions] INFO  o.e.b.c.i.u.g.PublishedGradleVersions - Gradle version information cache is out-of-date. Trying to update.
2025-04-10 17:33:02,175 [Worker-5: Loading available Gradle versions] INFO  o.e.b.c.i.u.g.PublishedGradleVersions - Gradle version information cache is out-of-date. Trying to update.
2025-04-30 15:34:06,994 [Worker-0: Loading available Gradle versions] INFO  o.e.b.c.i.u.g.PublishedGradleVersions - Gradle version information cache is out-of-date. Trying to update.
2025-04-30 15:34:28,833 [Worker-12: Launching Job-Portal - JobPortalApplication] INFO  o.a.m.s.f.DefaultMavenResourcesFiltering - Copying 1 resource from src\main\resources to target\classes
2025-04-30 15:34:28,898 [Worker-12: Launching Job-Portal - JobPortalApplication] INFO  o.a.m.s.f.DefaultMavenResourcesFiltering - Copying 2 resources from src\main\resources to target\classes
2025-04-30 15:34:28,918 [Worker-12: Launching Job-Portal - JobPortalApplication] INFO  o.a.m.s.f.DefaultMavenResourcesFiltering - skip non existing resourceDirectory C:\Users\Amit\Downloads\Job Portal\Job-Portal\src\test\resources
